"agel","sex","cause_name","Intervention","Mortality.reduction","iso3","Baseline.Coverage","sub_id","Code","ageu","metric","ghe_cause","ncd_cause","max.cov","location_name"
15,"Female","Breast cancer","Ideal",0.000920811190497735,"SAU",0,1,1.2,19,"case fatality","Breast cancer","Breast cancer",1,"Saudi Arabia"
15,"Female","Breast cancer","Intervention",0.000555328754914994,"SAU",0,1,1.1,19,"case fatality","Breast cancer","Breast cancer",1,"Saudi Arabia"
15,"Female","Colon and rectum cancer","Ideal",0.000699214121315783,"SAU",0,1,2.2,19,"case fatality","Colon and rectum cancers","Colon and rectum cancers",1,"Saudi Arabia"
15,"Female","Colon and rectum cancer","Intervention",0.000423760786918585,"SAU",0,1,2.1,19,"case fatality","Colon and rectum cancers","Colon and rectum cancers",1,"Saudi Arabia"
15,"Female","Diabetes mellitus type 2","Ideal",0.00166869685822163,"SAU",0,1,5.2,19,"case fatality","Diabetes mellitus","Diabetes",1,"Saudi Arabia"
15,"Female","Diabetes mellitus type 2","Intervention",0.000899776055138465,"SAU",0,1,5.1,19,"case fatality","Diabetes mellitus","Diabetes",1,"Saudi Arabia"
15,"Female","Ischemic heart disease","Ideal",0.0142925902767396,"SAU",0,1,3.2,19,"case fatality","Ischaemic heart disease","Ischaemic heart disease",1,"Saudi Arabia"
15,"Female","Ischemic heart disease","Intervention",0.0106618728675069,"SAU",0,1,3.1,19,"case fatality","Ischaemic heart disease","Ischaemic heart disease",1,"Saudi Arabia"
15,"Female","Ischemic stroke","Ideal",0.0154088772671734,"SAU",0,1,4.2,19,"case fatality","Ischaemic stroke","Ischaemic stroke",1,"Saudi Arabia"
15,"Female","Ischemic stroke","Intervention",0.011264095090623,"SAU",0,1,4.1,19,"case fatality","Ischaemic stroke","Ischaemic stroke",1,"Saudi Arabia"
15,"Male","Breast cancer","Ideal",0.000695565359583613,"SAU",0,1,1.2,19,"case fatality","Breast cancer","Breast cancer",1,"Saudi Arabia"
15,"Male","Breast cancer","Intervention",0.00032734603520348,"SAU",0,1,1.1,19,"case fatality","Breast cancer","Breast cancer",1,"Saudi Arabia"
15,"Male","Colon and rectum cancer","Ideal",0.000529871625646153,"SAU",0,1,2.2,19,"case fatality","Colon and rectum cancers","Colon and rectum cancers",1,"Saudi Arabia"
15,"Male","Colon and rectum cancer","Intervention",0.000250911283804974,"SAU",0,1,2.1,19,"case fatality","Colon and rectum cancers","Colon and rectum cancers",1,"Saudi Arabia"
15,"Male","Diabetes mellitus type 2","Ideal",0.00132234610307481,"SAU",0,1,5.2,19,"case fatality","Diabetes mellitus","Diabetes",1,"Saudi Arabia"
15,"Male","Diabetes mellitus type 2","Intervention",0.000542911971904833,"SAU",0,1,5.1,19,"case fatality","Diabetes mellitus","Diabetes",1,"Saudi Arabia"
15,"Male","Ischemic heart disease","Ideal",0.0101332104625319,"SAU",0,1,3.2,19,"case fatality","Ischaemic heart disease","Ischaemic heart disease",1,"Saudi Arabia"
15,"Male","Ischemic heart disease","Intervention",0.00633782225135825,"SAU",0,1,3.1,19,"case fatality","Ischaemic heart disease","Ischaemic heart disease",1,"Saudi Arabia"
15,"Male","Ischemic stroke","Ideal",0.0110526657593128,"SAU",0,1,4.2,19,"case fatality","Ischaemic stroke","Ischaemic stroke",1,"Saudi Arabia"
15,"Male","Ischemic stroke","Intervention",0.00671700364293899,"SAU",0,1,4.1,19,"case fatality","Ischaemic stroke","Ischaemic stroke",1,"Saudi Arabia"
20,"Female","Breast cancer","Ideal",0.000884292744933076,"SAU",0,1,1.2,24,"case fatality","Breast cancer","Breast cancer",1,"Saudi Arabia"
20,"Female","Breast cancer","Intervention",0.000518366585601228,"SAU",0,1,1.1,24,"case fatality","Breast cancer","Breast cancer",1,"Saudi Arabia"
20,"Female","Colon and rectum cancer","Ideal",0.000671906018738768,"SAU",0,1,2.2,24,"case fatality","Colon and rectum cancers","Colon and rectum cancers",1,"Saudi Arabia"
20,"Female","Colon and rectum cancer","Intervention",0.000395887145735092,"SAU",0,1,2.1,24,"case fatality","Colon and rectum cancers","Colon and rectum cancers",1,"Saudi Arabia"
20,"Female","Diabetes mellitus type 2","Ideal",0.00161142520261059,"SAU",0,1,5.2,24,"case fatality","Diabetes mellitus","Diabetes",1,"Saudi Arabia"
20,"Female","Diabetes mellitus type 2","Intervention",0.000840765943073767,"SAU",0,1,5.1,24,"case fatality","Diabetes mellitus","Diabetes",1,"Saudi Arabia"
20,"Female","Ischemic heart disease","Ideal",0.013663909960119,"SAU",0,1,3.2,24,"case fatality","Ischaemic heart disease","Ischaemic heart disease",1,"Saudi Arabia"
20,"Female","Ischemic heart disease","Intervention",0.0100083029527908,"SAU",0,1,3.1,24,"case fatality","Ischaemic heart disease","Ischaemic heart disease",1,"Saudi Arabia"
20,"Female","Ischemic stroke","Ideal",0.0147486315464514,"SAU",0,1,4.2,24,"case fatality","Ischaemic stroke","Ischaemic stroke",1,"Saudi Arabia"
20,"Female","Ischemic stroke","Intervention",0.010574918804153,"SAU",0,1,4.1,24,"case fatality","Ischaemic stroke","Ischaemic stroke",1,"Saudi Arabia"
20,"Male","Breast cancer","Ideal",0.000709088083849214,"SAU",0,1,1.2,24,"case fatality","Breast cancer","Breast cancer",1,"Saudi Arabia"
20,"Male","Breast cancer","Intervention",0.000341033069691395,"SAU",0,1,1.1,24,"case fatality","Breast cancer","Breast cancer",1,"Saudi Arabia"
20,"Male","Colon and rectum cancer","Ideal",0.000540085364063193,"SAU",0,1,2.2,24,"case fatality","Colon and rectum cancers","Colon and rectum cancers",1,"Saudi Arabia"
20,"Male","Colon and rectum cancer","Intervention",0.000261336544182393,"SAU",0,1,2.1,24,"case fatality","Colon and rectum cancers","Colon and rectum cancers",1,"Saudi Arabia"
20,"Male","Diabetes mellitus type 2","Ideal",0.0013433877009883,"SAU",0,1,5.2,24,"case fatality","Diabetes mellitus","Diabetes",1,"Saudi Arabia"
20,"Male","Diabetes mellitus type 2","Intervention",0.000564592278465688,"SAU",0,1,5.1,24,"case fatality","Diabetes mellitus","Diabetes",1,"Saudi Arabia"
20,"Male","Ischemic heart disease","Ideal",0.0103893197763693,"SAU",0,1,3.2,24,"case fatality","Ischaemic heart disease","Ischaemic heart disease",1,"Saudi Arabia"
20,"Male","Ischemic heart disease","Intervention",0.00660407099173954,"SAU",0,1,3.1,24,"case fatality","Ischaemic heart disease","Ischaemic heart disease",1,"Saudi Arabia"
20,"Male","Ischemic stroke","Ideal",0.0113212727629713,"SAU",0,1,4.2,24,"case fatality","Ischaemic stroke","Ischaemic stroke",1,"Saudi Arabia"
20,"Male","Ischemic stroke","Intervention",0.00699738043523194,"SAU",0,1,4.1,24,"case fatality","Ischaemic stroke","Ischaemic stroke",1,"Saudi Arabia"
25,"Female","Breast cancer","Ideal",0.00089284652976101,"SAU",0,1,1.2,29,"case fatality","Breast cancer","Breast cancer",1,"Saudi Arabia"
25,"Female","Breast cancer","Intervention",0.00052702430468524,"SAU",0,1,1.1,29,"case fatality","Breast cancer","Breast cancer",1,"Saudi Arabia"
25,"Female","Colon and rectum cancer","Ideal",0.00067830655143842,"SAU",0,1,2.2,29,"case fatality","Colon and rectum cancers","Colon and rectum cancers",1,"Saudi Arabia"
25,"Female","Colon and rectum cancer","Intervention",0.000402420230607985,"SAU",0,1,2.1,29,"case fatality","Colon and rectum cancers","Colon and rectum cancers",1,"Saudi Arabia"
25,"Female","Diabetes mellitus type 2","Ideal",0.00162485078926152,"SAU",0,1,5.2,29,"case fatality","Diabetes mellitus","Diabetes",1,"Saudi Arabia"
25,"Female","Diabetes mellitus type 2","Intervention",0.000854599057628482,"SAU",0,1,5.1,29,"case fatality","Diabetes mellitus","Diabetes",1,"Saudi Arabia"
25,"Female","Ischemic heart disease","Ideal",0.0138118014643468,"SAU",0,1,3.2,29,"case fatality","Ischaemic heart disease","Ischaemic heart disease",1,"Saudi Arabia"
25,"Female","Ischemic heart disease","Intervention",0.0101620495156305,"SAU",0,1,3.1,29,"case fatality","Ischaemic heart disease","Ischaemic heart disease",1,"Saudi Arabia"
25,"Female","Ischemic stroke","Ideal",0.0149039632459385,"SAU",0,1,4.2,29,"case fatality","Ischaemic stroke","Ischaemic stroke",1,"Saudi Arabia"
25,"Female","Ischemic stroke","Intervention",0.0107370568089347,"SAU",0,1,4.1,29,"case fatality","Ischaemic stroke","Ischaemic stroke",1,"Saudi Arabia"
25,"Male","Breast cancer","Ideal",0.000753862466981363,"SAU",0,1,1.2,29,"case fatality","Breast cancer","Breast cancer",1,"Saudi Arabia"
25,"Male","Breast cancer","Intervention",0.000386351491783587,"SAU",0,1,1.1,29,"case fatality","Breast cancer","Breast cancer",1,"Saudi Arabia"
25,"Male","Colon and rectum cancer","Ideal",0.000573858074166375,"SAU",0,1,2.2,29,"case fatality","Colon and rectum cancers","Colon and rectum cancers",1,"Saudi Arabia"
25,"Male","Colon and rectum cancer","Intervention",0.00029580867202633,"SAU",0,1,2.1,29,"case fatality","Colon and rectum cancers","Colon and rectum cancers",1,"Saudi Arabia"
25,"Male","Diabetes mellitus type 2","Ideal",0.00141294542356802,"SAU",0,1,5.2,29,"case fatality","Diabetes mellitus","Diabetes",1,"Saudi Arabia"
25,"Male","Diabetes mellitus type 2","Intervention",0.000636261395773399,"SAU",0,1,5.1,29,"case fatality","Diabetes mellitus","Diabetes",1,"Saudi Arabia"
25,"Male","Ischemic heart disease","Ideal",0.0112292307910648,"SAU",0,1,3.2,29,"case fatality","Ischaemic heart disease","Ischaemic heart disease",1,"Saudi Arabia"
25,"Male","Ischemic heart disease","Intervention",0.00747723427637118,"SAU",0,1,3.1,29,"case fatality","Ischaemic heart disease","Ischaemic heart disease",1,"Saudi Arabia"
25,"Male","Ischemic stroke","Ideal",0.0122020069584256,"SAU",0,1,4.2,29,"case fatality","Ischaemic stroke","Ischaemic stroke",1,"Saudi Arabia"
25,"Male","Ischemic stroke","Intervention",0.00791670653328905,"SAU",0,1,4.1,29,"case fatality","Ischaemic stroke","Ischaemic stroke",1,"Saudi Arabia"
30,"Female","Breast cancer","Ideal",0.000895605264150542,"SAU",0,1,1.2,34,"case fatality","Breast cancer","Breast cancer",1,"Saudi Arabia"
30,"Female","Breast cancer","Intervention",0.000529816559558659,"SAU",0,1,1.1,34,"case fatality","Breast cancer","Breast cancer",1,"Saudi Arabia"
30,"Female","Colon and rectum cancer","Ideal",0.000680370291334518,"SAU",0,1,2.2,34,"case fatality","Colon and rectum cancers","Colon and rectum cancers",1,"Saudi Arabia"
30,"Female","Colon and rectum cancer","Intervention",0.000404526709635507,"SAU",0,1,2.1,34,"case fatality","Colon and rectum cancers","Colon and rectum cancers",1,"Saudi Arabia"
30,"Female","Diabetes mellitus type 2","Ideal",0.00162917935681002,"SAU",0,1,5.2,34,"case fatality","Diabetes mellitus","Diabetes",1,"Saudi Arabia"
30,"Female","Diabetes mellitus type 2","Intervention",0.000859059016981695,"SAU",0,1,5.1,34,"case fatality","Diabetes mellitus","Diabetes",1,"Saudi Arabia"
30,"Female","Ischemic heart disease","Ideal",0.0138594157684912,"SAU",0,1,3.2,34,"case fatality","Ischaemic heart disease","Ischaemic heart disease",1,"Saudi Arabia"
30,"Female","Ischemic heart disease","Intervention",0.0102115488810094,"SAU",0,1,3.1,34,"case fatality","Ischaemic heart disease","Ischaemic heart disease",1,"Saudi Arabia"
30,"Female","Ischemic stroke","Ideal",0.0149539710266144,"SAU",0,1,4.2,34,"case fatality","Ischaemic stroke","Ischaemic stroke",1,"Saudi Arabia"
30,"Female","Ischemic stroke","Intervention",0.0107892558243909,"SAU",0,1,4.1,34,"case fatality","Ischaemic stroke","Ischaemic stroke",1,"Saudi Arabia"
30,"Male","Breast cancer","Ideal",0.000790805268993238,"SAU",0,1,1.2,34,"case fatality","Breast cancer","Breast cancer",1,"Saudi Arabia"
30,"Male","Breast cancer","Intervention",0.000423743173761676,"SAU",0,1,1.1,34,"case fatality","Breast cancer","Breast cancer",1,"Saudi Arabia"
30,"Male","Colon and rectum cancer","Ideal",0.000601671063099809,"SAU",0,1,2.2,34,"case fatality","Colon and rectum cancers","Colon and rectum cancers",1,"Saudi Arabia"
30,"Male","Colon and rectum cancer","Intervention",0.000324197655537164,"SAU",0,1,2.1,34,"case fatality","Colon and rectum cancers","Colon and rectum cancers",1,"Saudi Arabia"
30,"Male","Diabetes mellitus type 2","Ideal",0.00147020745472893,"SAU",0,1,5.2,34,"case fatality","Diabetes mellitus","Diabetes",1,"Saudi Arabia"
30,"Male","Diabetes mellitus type 2","Intervention",0.000695261591241926,"SAU",0,1,5.1,34,"case fatality","Diabetes mellitus","Diabetes",1,"Saudi Arabia"
30,"Male","Ischemic heart disease","Ideal",0.01191303184125,"SAU",0,1,3.2,34,"case fatality","Ischaemic heart disease","Ischaemic heart disease",1,"Saudi Arabia"
30,"Male","Ischemic heart disease","Intervention",0.00818810716715088,"SAU",0,1,3.1,34,"case fatality","Ischaemic heart disease","Ischaemic heart disease",1,"Saudi Arabia"
30,"Male","Ischemic stroke","Ideal",0.0129188591400781,"SAU",0,1,4.2,34,"case fatality","Ischaemic stroke","Ischaemic stroke",1,"Saudi Arabia"
30,"Male","Ischemic stroke","Intervention",0.00866496965562914,"SAU",0,1,4.1,34,"case fatality","Ischaemic stroke","Ischaemic stroke",1,"Saudi Arabia"
35,"Female","Breast cancer","Ideal",0.000895940421758138,"SAU",0,1,1.2,39,"case fatality","Breast cancer","Breast cancer",1,"Saudi Arabia"
35,"Female","Breast cancer","Intervention",0.000530155789557286,"SAU",0,1,1.1,39,"case fatality","Breast cancer","Breast cancer",1,"Saudi Arabia"
35,"Female","Colon and rectum cancer","Ideal",0.000680620996525216,"SAU",0,1,2.2,39,"case fatality","Colon and rectum cancers","Colon and rectum cancers",1,"Saudi Arabia"
35,"Female","Colon and rectum cancer","Intervention",0.00040478260681872,"SAU",0,1,2.1,39,"case fatality","Colon and rectum cancers","Colon and rectum cancers",1,"Saudi Arabia"
35,"Female","Diabetes mellitus type 2","Ideal",0.00162970518629291,"SAU",0,1,5.2,39,"case fatality","Diabetes mellitus","Diabetes",1,"Saudi Arabia"
35,"Female","Diabetes mellitus type 2","Intervention",0.000859600807792193,"SAU",0,1,5.1,39,"case fatality","Diabetes mellitus","Diabetes",1,"Saudi Arabia"
35,"Female","Ischemic heart disease","Ideal",0.0138651976561132,"SAU",0,1,3.2,39,"case fatality","Ischaemic heart disease","Ischaemic heart disease",1,"Saudi Arabia"
35,"Female","Ischemic heart disease","Intervention",0.01021755967489,"SAU",0,1,3.1,39,"case fatality","Ischaemic heart disease","Ischaemic heart disease",1,"Saudi Arabia"
35,"Female","Ischemic stroke","Ideal",0.0149600434943654,"SAU",0,1,4.2,39,"case fatality","Ischaemic stroke","Ischaemic stroke",1,"Saudi Arabia"
35,"Female","Ischemic stroke","Intervention",0.0107955943747867,"SAU",0,1,4.1,39,"case fatality","Ischaemic stroke","Ischaemic stroke",1,"Saudi Arabia"
35,"Male","Breast cancer","Ideal",0.000813063355075795,"SAU",0,1,1.2,39,"case fatality","Breast cancer","Breast cancer",1,"Saudi Arabia"
35,"Male","Breast cancer","Intervention",0.000446271710605535,"SAU",0,1,1.1,39,"case fatality","Breast cancer","Breast cancer",1,"Saudi Arabia"
35,"Male","Colon and rectum cancer","Ideal",0.000618405579123465,"SAU",0,1,2.2,39,"case fatality","Colon and rectum cancers","Colon and rectum cancers",1,"Saudi Arabia"
35,"Male","Colon and rectum cancer","Intervention",0.000341278735912752,"SAU",0,1,2.1,39,"case fatality","Colon and rectum cancers","Colon and rectum cancers",1,"Saudi Arabia"
35,"Male","Diabetes mellitus type 2","Ideal",0.00150465166787516,"SAU",0,1,5.2,39,"case fatality","Diabetes mellitus","Diabetes",1,"Saudi Arabia"
35,"Male","Diabetes mellitus type 2","Intervention",0.000730751343651801,"SAU",0,1,5.1,39,"case fatality","Diabetes mellitus","Diabetes",1,"Saudi Arabia"
35,"Male","Ischemic heart disease","Ideal",0.012321075018721,"SAU",0,1,3.2,39,"case fatality","Ischaemic heart disease","Ischaemic heart disease",1,"Saudi Arabia"
35,"Male","Ischemic heart disease","Intervention",0.00861230486771467,"SAU",0,1,3.1,39,"case fatality","Ischaemic heart disease","Ischaemic heart disease",1,"Saudi Arabia"
35,"Male","Ischemic stroke","Ideal",0.0133465460045006,"SAU",0,1,4.2,39,"case fatality","Ischaemic stroke","Ischaemic stroke",1,"Saudi Arabia"
35,"Male","Ischemic stroke","Intervention",0.00911139685045047,"SAU",0,1,4.1,39,"case fatality","Ischaemic stroke","Ischaemic stroke",1,"Saudi Arabia"
40,"Female","Breast cancer","Ideal",0.000903701662121305,"SAU",0,1,1.2,44,"case fatality","Breast cancer","Breast cancer",1,"Saudi Arabia"
40,"Female","Breast cancer","Intervention",0.00053801133422663,"SAU",0,1,1.1,44,"case fatality","Breast cancer","Breast cancer",1,"Saudi Arabia"
40,"Female","Colon and rectum cancer","Ideal",0.000686444112552523,"SAU",0,1,2.2,44,"case fatality","Colon and rectum cancers","Colon and rectum cancers",1,"Saudi Arabia"
40,"Female","Colon and rectum cancer","Intervention",0.000410726316977902,"SAU",0,1,2.1,44,"case fatality","Colon and rectum cancers","Colon and rectum cancers",1,"Saudi Arabia"
40,"Female","Diabetes mellitus type 2","Ideal",0.00164083042269319,"SAU",0,1,5.2,44,"case fatality","Diabetes mellitus","Diabetes",1,"Saudi Arabia"
40,"Female","Diabetes mellitus type 2","Intervention",0.000871985927165657,"SAU",0,1,5.1,44,"case fatality","Diabetes mellitus","Diabetes",1,"Saudi Arabia"
40,"Female","Ischemic heart disease","Ideal",0.0139948323822829,"SAU",0,1,3.2,44,"case fatality","Ischaemic heart disease","Ischaemic heart disease",1,"Saudi Arabia"
40,"Female","Ischemic heart disease","Intervention",0.0103766408268287,"SAU",0,1,3.1,44,"case fatality","Ischaemic heart disease","Ischaemic heart disease",1,"Saudi Arabia"
40,"Female","Ischemic stroke","Ideal",0.0151263558061034,"SAU",0,1,4.2,44,"case fatality","Ischaemic stroke","Ischaemic stroke",1,"Saudi Arabia"
40,"Female","Ischemic stroke","Intervention",0.0109740346841355,"SAU",0,1,4.1,44,"case fatality","Ischaemic stroke","Ischaemic stroke",1,"Saudi Arabia"
40,"Male","Breast cancer","Ideal",0.000839639235587546,"SAU",0,1,1.2,44,"case fatality","Breast cancer","Breast cancer",1,"Saudi Arabia"
40,"Male","Breast cancer","Intervention",0.000473170505993704,"SAU",0,1,1.1,44,"case fatality","Breast cancer","Breast cancer",1,"Saudi Arabia"
40,"Male","Colon and rectum cancer","Ideal",0.000638044983484015,"SAU",0,1,2.2,44,"case fatality","Colon and rectum cancers","Colon and rectum cancers",1,"Saudi Arabia"
40,"Male","Colon and rectum cancer","Intervention",0.000361324863565146,"SAU",0,1,2.1,44,"case fatality","Colon and rectum cancers","Colon and rectum cancers",1,"Saudi Arabia"
40,"Male","Diabetes mellitus type 2","Ideal",0.00156152992319901,"SAU",0,1,5.2,44,"case fatality","Diabetes mellitus","Diabetes",1,"Saudi Arabia"
40,"Male","Diabetes mellitus type 2","Intervention",0.000790281178891058,"SAU",0,1,5.1,44,"case fatality","Diabetes mellitus","Diabetes",1,"Saudi Arabia"
40,"Male","Ischemic heart disease","Ideal",0.0124865036479319,"SAU",0,1,3.2,44,"case fatality","Ischaemic heart disease","Ischaemic heart disease",1,"Saudi Arabia"
40,"Male","Ischemic heart disease","Intervention",0.00880899561677554,"SAU",0,1,3.1,44,"case fatality","Ischaemic heart disease","Ischaemic heart disease",1,"Saudi Arabia"
40,"Male","Ischemic stroke","Ideal",0.0135779523113676,"SAU",0,1,4.2,44,"case fatality","Ischaemic stroke","Ischaemic stroke",1,"Saudi Arabia"
40,"Male","Ischemic stroke","Intervention",0.00935786243664287,"SAU",0,1,4.1,44,"case fatality","Ischaemic stroke","Ischaemic stroke",1,"Saudi Arabia"
45,"Female","Breast cancer","Ideal",0.00088544991731154,"SAU",0,1,1.2,49,"case fatality","Breast cancer","Breast cancer",1,"Saudi Arabia"
45,"Female","Breast cancer","Intervention",0.000519537818404723,"SAU",0,1,1.1,49,"case fatality","Breast cancer","Breast cancer",1,"Saudi Arabia"
45,"Female","Colon and rectum cancer","Ideal",0.000672794495711834,"SAU",0,1,2.2,49,"case fatality","Colon and rectum cancers","Colon and rectum cancers",1,"Saudi Arabia"
45,"Female","Colon and rectum cancer","Intervention",0.000396794022669408,"SAU",0,1,2.1,49,"case fatality","Colon and rectum cancers","Colon and rectum cancers",1,"Saudi Arabia"
45,"Female","Diabetes mellitus type 2","Ideal",0.00163032841669015,"SAU",0,1,5.2,49,"case fatality","Diabetes mellitus","Diabetes",1,"Saudi Arabia"
45,"Female","Diabetes mellitus type 2","Intervention",0.000849691213218769,"SAU",0,1,5.1,49,"case fatality","Diabetes mellitus","Diabetes",1,"Saudi Arabia"
45,"Female","Ischemic heart disease","Ideal",0.0136915383652734,"SAU",0,1,3.2,49,"case fatality","Ischaemic heart disease","Ischaemic heart disease",1,"Saudi Arabia"
45,"Female","Ischemic heart disease","Intervention",0.0100393366417647,"SAU",0,1,3.1,49,"case fatality","Ischaemic heart disease","Ischaemic heart disease",1,"Saudi Arabia"
45,"Female","Ischemic stroke","Ideal",0.0147452556968418,"SAU",0,1,4.2,49,"case fatality","Ischaemic stroke","Ischaemic stroke",1,"Saudi Arabia"
45,"Female","Ischemic stroke","Intervention",0.0106048383025822,"SAU",0,1,4.1,49,"case fatality","Ischaemic stroke","Ischaemic stroke",1,"Saudi Arabia"
45,"Male","Breast cancer","Ideal",0.000849920519700349,"SAU",0,1,1.2,49,"case fatality","Breast cancer","Breast cancer",1,"Saudi Arabia"
45,"Male","Breast cancer","Intervention",0.000483576714644275,"SAU",0,1,1.1,49,"case fatality","Breast cancer","Breast cancer",1,"Saudi Arabia"
45,"Male","Colon and rectum cancer","Ideal",0.000645781247391993,"SAU",0,1,2.2,49,"case fatality","Colon and rectum cancers","Colon and rectum cancers",1,"Saudi Arabia"
45,"Male","Colon and rectum cancer","Intervention",0.00036922134204305,"SAU",0,1,2.1,49,"case fatality","Colon and rectum cancers","Colon and rectum cancers",1,"Saudi Arabia"
45,"Male","Diabetes mellitus type 2","Ideal",0.00159486770350723,"SAU",0,1,5.2,49,"case fatality","Diabetes mellitus","Diabetes",1,"Saudi Arabia"
45,"Male","Diabetes mellitus type 2","Intervention",0.000813139356546608,"SAU",0,1,5.1,49,"case fatality","Diabetes mellitus","Diabetes",1,"Saudi Arabia"
45,"Male","Ischemic heart disease","Ideal",0.0127059732361602,"SAU",0,1,3.2,49,"case fatality","Ischaemic heart disease","Ischaemic heart disease",1,"Saudi Arabia"
45,"Male","Ischemic heart disease","Intervention",0.00901477744212496,"SAU",0,1,3.1,49,"case fatality","Ischaemic heart disease","Ischaemic heart disease",1,"Saudi Arabia"
45,"Male","Ischemic stroke","Ideal",0.0137400684603121,"SAU",0,1,4.2,49,"case fatality","Ischaemic stroke","Ischaemic stroke",1,"Saudi Arabia"
45,"Male","Ischemic stroke","Intervention",0.00955595880957682,"SAU",0,1,4.1,49,"case fatality","Ischaemic stroke","Ischaemic stroke",1,"Saudi Arabia"
50,"Female","Breast cancer","Ideal",0.000887880136472337,"SAU",0,1,1.2,54,"case fatality","Breast cancer","Breast cancer",1,"Saudi Arabia"
50,"Female","Breast cancer","Intervention",0.00052199756636776,"SAU",0,1,1.1,54,"case fatality","Breast cancer","Breast cancer",1,"Saudi Arabia"
50,"Female","Colon and rectum cancer","Ideal",0.000674612601058801,"SAU",0,1,2.2,54,"case fatality","Colon and rectum cancers","Colon and rectum cancers",1,"Saudi Arabia"
50,"Female","Colon and rectum cancer","Intervention",0.000398649780166005,"SAU",0,1,2.1,54,"case fatality","Colon and rectum cancers","Colon and rectum cancers",1,"Saudi Arabia"
50,"Female","Diabetes mellitus type 2","Ideal",0.00162696374037007,"SAU",0,1,5.2,54,"case fatality","Diabetes mellitus","Diabetes",1,"Saudi Arabia"
50,"Female","Diabetes mellitus type 2","Intervention",0.000853009191601477,"SAU",0,1,5.1,54,"case fatality","Diabetes mellitus","Diabetes",1,"Saudi Arabia"
50,"Female","Ischemic heart disease","Ideal",0.0137575117033247,"SAU",0,1,3.2,54,"case fatality","Ischaemic heart disease","Ischaemic heart disease",1,"Saudi Arabia"
50,"Female","Ischemic heart disease","Intervention",0.0100928294556878,"SAU",0,1,3.1,54,"case fatality","Ischaemic heart disease","Ischaemic heart disease",1,"Saudi Arabia"
50,"Female","Ischemic stroke","Ideal",0.0148500219411877,"SAU",0,1,4.2,54,"case fatality","Ischaemic stroke","Ischaemic stroke",1,"Saudi Arabia"
50,"Female","Ischemic stroke","Intervention",0.0106615920335834,"SAU",0,1,4.1,54,"case fatality","Ischaemic stroke","Ischaemic stroke",1,"Saudi Arabia"
50,"Male","Breast cancer","Ideal",0.000844322720052005,"SAU",0,1,1.2,54,"case fatality","Breast cancer","Breast cancer",1,"Saudi Arabia"
50,"Male","Breast cancer","Intervention",0.000477910897953905,"SAU",0,1,1.1,54,"case fatality","Breast cancer","Breast cancer",1,"Saudi Arabia"
50,"Male","Colon and rectum cancer","Ideal",0.000641569579296599,"SAU",0,1,2.2,54,"case fatality","Colon and rectum cancers","Colon and rectum cancers",1,"Saudi Arabia"
50,"Male","Colon and rectum cancer","Intervention",0.000364922452182654,"SAU",0,1,2.1,54,"case fatality","Colon and rectum cancers","Colon and rectum cancers",1,"Saudi Arabia"
50,"Male","Diabetes mellitus type 2","Ideal",0.00157884239989824,"SAU",0,1,5.2,54,"case fatality","Diabetes mellitus","Diabetes",1,"Saudi Arabia"
50,"Male","Diabetes mellitus type 2","Intervention",0.000803420004318968,"SAU",0,1,5.1,54,"case fatality","Diabetes mellitus","Diabetes",1,"Saudi Arabia"
50,"Male","Ischemic heart disease","Ideal",0.0126184171416728,"SAU",0,1,3.2,54,"case fatality","Ischaemic heart disease","Ischaemic heart disease",1,"Saudi Arabia"
50,"Male","Ischemic heart disease","Intervention",0.00890848004786314,"SAU",0,1,3.1,54,"case fatality","Ischaemic heart disease","Ischaemic heart disease",1,"Saudi Arabia"
50,"Male","Ischemic stroke","Ideal",0.0136889202196183,"SAU",0,1,4.2,54,"case fatality","Ischaemic stroke","Ischaemic stroke",1,"Saudi Arabia"
50,"Male","Ischemic stroke","Intervention",0.00944937949438056,"SAU",0,1,4.1,54,"case fatality","Ischaemic stroke","Ischaemic stroke",1,"Saudi Arabia"
55,"Female","Breast cancer","Ideal",0.000908329539136585,"SAU",0,1,1.2,59,"case fatality","Breast cancer","Breast cancer",1,"Saudi Arabia"
55,"Female","Breast cancer","Intervention",0.000542695443069632,"SAU",0,1,1.1,59,"case fatality","Breast cancer","Breast cancer",1,"Saudi Arabia"
55,"Female","Colon and rectum cancer","Ideal",0.000689903268016119,"SAU",0,1,2.2,59,"case fatality","Colon and rectum cancers","Colon and rectum cancers",1,"Saudi Arabia"
55,"Female","Colon and rectum cancer","Intervention",0.000414257110006026,"SAU",0,1,2.1,59,"case fatality","Colon and rectum cancers","Colon and rectum cancers",1,"Saudi Arabia"
55,"Female","Diabetes mellitus type 2","Ideal",0.00164289605282845,"SAU",0,1,5.2,59,"case fatality","Diabetes mellitus","Diabetes",1,"Saudi Arabia"
55,"Female","Diabetes mellitus type 2","Intervention",0.000872641267301191,"SAU",0,1,5.1,59,"case fatality","Diabetes mellitus","Diabetes",1,"Saudi Arabia"
55,"Female","Ischemic heart disease","Ideal",0.014070428671949,"SAU",0,1,3.2,59,"case fatality","Ischaemic heart disease","Ischaemic heart disease",1,"Saudi Arabia"
55,"Female","Ischemic heart disease","Intervention",0.0104328292655459,"SAU",0,1,3.1,59,"case fatality","Ischaemic heart disease","Ischaemic heart disease",1,"Saudi Arabia"
55,"Female","Ischemic stroke","Ideal",0.0151651019147663,"SAU",0,1,4.2,59,"case fatality","Ischaemic stroke","Ischaemic stroke",1,"Saudi Arabia"
55,"Female","Ischemic stroke","Intervention",0.0110403217147238,"SAU",0,1,4.1,59,"case fatality","Ischaemic stroke","Ischaemic stroke",1,"Saudi Arabia"
55,"Male","Breast cancer","Ideal",0.000826917730107797,"SAU",0,1,1.2,59,"case fatality","Breast cancer","Breast cancer",1,"Saudi Arabia"
55,"Male","Breast cancer","Intervention",0.000460294425640395,"SAU",0,1,1.1,59,"case fatality","Breast cancer","Breast cancer",1,"Saudi Arabia"
55,"Male","Colon and rectum cancer","Ideal",0.000628467444914106,"SAU",0,1,2.2,59,"case fatality","Colon and rectum cancers","Colon and rectum cancers",1,"Saudi Arabia"
55,"Male","Colon and rectum cancer","Intervention",0.000351548978449516,"SAU",0,1,2.1,59,"case fatality","Colon and rectum cancers","Colon and rectum cancers",1,"Saudi Arabia"
55,"Male","Diabetes mellitus type 2","Ideal",0.00153975840876934,"SAU",0,1,5.2,59,"case fatality","Diabetes mellitus","Diabetes",1,"Saudi Arabia"
55,"Male","Diabetes mellitus type 2","Intervention",0.000766370684083482,"SAU",0,1,5.1,59,"case fatality","Diabetes mellitus","Diabetes",1,"Saudi Arabia"
55,"Male","Ischemic heart disease","Ideal",0.0122347264990815,"SAU",0,1,3.2,59,"case fatality","Ischaemic heart disease","Ischaemic heart disease",1,"Saudi Arabia"
55,"Male","Ischemic heart disease","Intervention",0.00852448943063035,"SAU",0,1,3.1,59,"case fatality","Ischaemic heart disease","Ischaemic heart disease",1,"Saudi Arabia"
55,"Male","Ischemic stroke","Ideal",0.0132672698299026,"SAU",0,1,4.2,59,"case fatality","Ischaemic stroke","Ischaemic stroke",1,"Saudi Arabia"
55,"Male","Ischemic stroke","Intervention",0.00905994469793415,"SAU",0,1,4.1,59,"case fatality","Ischaemic stroke","Ischaemic stroke",1,"Saudi Arabia"
60,"Female","Breast cancer","Ideal",0.000943587035349055,"SAU",0,1,1.2,64,"case fatality","Breast cancer","Breast cancer",1,"Saudi Arabia"
60,"Female","Breast cancer","Intervention",0.000578381341645939,"SAU",0,1,1.1,64,"case fatality","Breast cancer","Breast cancer",1,"Saudi Arabia"
60,"Female","Colon and rectum cancer","Ideal",0.000716232783329067,"SAU",0,1,2.2,64,"case fatality","Colon and rectum cancers","Colon and rectum cancers",1,"Saudi Arabia"
60,"Female","Colon and rectum cancer","Intervention",0.000441131897820325,"SAU",0,1,2.1,64,"case fatality","Colon and rectum cancers","Colon and rectum cancers",1,"Saudi Arabia"
60,"Female","Diabetes mellitus type 2","Ideal",0.00170999122965125,"SAU",0,1,5.2,64,"case fatality","Diabetes mellitus","Diabetes",1,"Saudi Arabia"
60,"Female","Diabetes mellitus type 2","Intervention",0.000935519761980123,"SAU",0,1,5.1,64,"case fatality","Diabetes mellitus","Diabetes",1,"Saudi Arabia"
60,"Female","Ischemic heart disease","Ideal",0.014632506999467,"SAU",0,1,3.2,64,"case fatality","Ischaemic heart disease","Ischaemic heart disease",1,"Saudi Arabia"
60,"Female","Ischemic heart disease","Intervention",0.0110448207535993,"SAU",0,1,3.1,64,"case fatality","Ischaemic heart disease","Ischaemic heart disease",1,"Saudi Arabia"
60,"Female","Ischemic stroke","Ideal",0.0158722886567624,"SAU",0,1,4.2,64,"case fatality","Ischaemic stroke","Ischaemic stroke",1,"Saudi Arabia"
60,"Female","Ischemic stroke","Intervention",0.0117416672968844,"SAU",0,1,4.1,64,"case fatality","Ischaemic stroke","Ischaemic stroke",1,"Saudi Arabia"
60,"Male","Breast cancer","Ideal",0.000845071617488581,"SAU",0,1,1.2,64,"case fatality","Breast cancer","Breast cancer",1,"Saudi Arabia"
60,"Male","Breast cancer","Intervention",0.000478668894999544,"SAU",0,1,1.1,64,"case fatality","Breast cancer","Breast cancer",1,"Saudi Arabia"
60,"Male","Colon and rectum cancer","Ideal",0.000642133097459111,"SAU",0,1,2.2,64,"case fatality","Colon and rectum cancers","Colon and rectum cancers",1,"Saudi Arabia"
60,"Male","Colon and rectum cancer","Intervention",0.000365497640554601,"SAU",0,1,2.1,64,"case fatality","Colon and rectum cancers","Colon and rectum cancers",1,"Saudi Arabia"
60,"Male","Diabetes mellitus type 2","Ideal",0.00157677453169046,"SAU",0,1,5.2,64,"case fatality","Diabetes mellitus","Diabetes",1,"Saudi Arabia"
60,"Male","Diabetes mellitus type 2","Intervention",0.000798223487277194,"SAU",0,1,5.1,64,"case fatality","Diabetes mellitus","Diabetes",1,"Saudi Arabia"
60,"Male","Ischemic heart disease","Ideal",0.0125650034601755,"SAU",0,1,3.2,64,"case fatality","Ischaemic heart disease","Ischaemic heart disease",1,"Saudi Arabia"
60,"Male","Ischemic heart disease","Intervention",0.00889613348289964,"SAU",0,1,3.1,64,"case fatality","Ischaemic heart disease","Ischaemic heart disease",1,"Saudi Arabia"
60,"Male","Ischemic stroke","Ideal",0.0137235300728098,"SAU",0,1,4.2,64,"case fatality","Ischaemic stroke","Ischaemic stroke",1,"Saudi Arabia"
60,"Male","Ischemic stroke","Intervention",0.00949861439750185,"SAU",0,1,4.1,64,"case fatality","Ischaemic stroke","Ischaemic stroke",1,"Saudi Arabia"
65,"Female","Breast cancer","Ideal",0.000964503216916409,"SAU",0,1,1.2,69,"case fatality","Breast cancer","Breast cancer",1,"Saudi Arabia"
65,"Female","Breast cancer","Intervention",0.00059955166892948,"SAU",0,1,1.1,69,"case fatality","Breast cancer","Breast cancer",1,"Saudi Arabia"
65,"Female","Colon and rectum cancer","Ideal",0.000731832439026407,"SAU",0,1,2.2,69,"case fatality","Colon and rectum cancers","Colon and rectum cancers",1,"Saudi Arabia"
65,"Female","Colon and rectum cancer","Intervention",0.000457054615419155,"SAU",0,1,2.1,69,"case fatality","Colon and rectum cancers","Colon and rectum cancers",1,"Saudi Arabia"
65,"Female","Diabetes mellitus type 2","Ideal",0.00173964511916804,"SAU",0,1,5.2,69,"case fatality","Diabetes mellitus","Diabetes",1,"Saudi Arabia"
65,"Female","Diabetes mellitus type 2","Intervention",0.000978282662238269,"SAU",0,1,5.1,69,"case fatality","Diabetes mellitus","Diabetes",1,"Saudi Arabia"
65,"Female","Ischemic heart disease","Ideal",0.0150004456224851,"SAU",0,1,3.2,69,"case fatality","Ischaemic heart disease","Ischaemic heart disease",1,"Saudi Arabia"
65,"Female","Ischemic heart disease","Intervention",0.0114180204174379,"SAU",0,1,3.1,69,"case fatality","Ischaemic heart disease","Ischaemic heart disease",1,"Saudi Arabia"
65,"Female","Ischemic stroke","Ideal",0.0161741244835176,"SAU",0,1,4.2,69,"case fatality","Ischaemic stroke","Ischaemic stroke",1,"Saudi Arabia"
65,"Female","Ischemic stroke","Intervention",0.0120826577863082,"SAU",0,1,4.1,69,"case fatality","Ischaemic stroke","Ischaemic stroke",1,"Saudi Arabia"
65,"Male","Breast cancer","Ideal",0.000894077612618133,"SAU",0,1,1.2,69,"case fatality","Breast cancer","Breast cancer",1,"Saudi Arabia"
65,"Male","Breast cancer","Intervention",0.000528270346029571,"SAU",0,1,1.1,69,"case fatality","Breast cancer","Breast cancer",1,"Saudi Arabia"
65,"Male","Colon and rectum cancer","Ideal",0.000678965872803475,"SAU",0,1,2.2,69,"case fatality","Colon and rectum cancers","Colon and rectum cancers",1,"Saudi Arabia"
65,"Male","Colon and rectum cancer","Intervention",0.000403093206224006,"SAU",0,1,2.1,69,"case fatality","Colon and rectum cancers","Colon and rectum cancers",1,"Saudi Arabia"
65,"Male","Diabetes mellitus type 2","Ideal",0.00164118472285139,"SAU",0,1,5.2,69,"case fatality","Diabetes mellitus","Diabetes",1,"Saudi Arabia"
65,"Male","Diabetes mellitus type 2","Intervention",0.000876854609702862,"SAU",0,1,5.1,69,"case fatality","Diabetes mellitus","Diabetes",1,"Saudi Arabia"
65,"Male","Ischemic heart disease","Ideal",0.0135571299048403,"SAU",0,1,3.2,69,"case fatality","Ischaemic heart disease","Ischaemic heart disease",1,"Saudi Arabia"
65,"Male","Ischemic heart disease","Intervention",0.00991788496434379,"SAU",0,1,3.1,69,"case fatality","Ischaemic heart disease","Ischaemic heart disease",1,"Saudi Arabia"
65,"Male","Ischemic stroke","Ideal",0.0146776720950144,"SAU",0,1,4.2,69,"case fatality","Ischaemic stroke","Ischaemic stroke",1,"Saudi Arabia"
65,"Male","Ischemic stroke","Intervention",0.010520949570691,"SAU",0,1,4.1,69,"case fatality","Ischaemic stroke","Ischaemic stroke",1,"Saudi Arabia"
70,"Female","Breast cancer","Ideal",0.000964503216916409,"SAU",0,1,1.2,74,"case fatality","Breast cancer","Breast cancer",1,"Saudi Arabia"
70,"Female","Breast cancer","Intervention",0.00059955166892948,"SAU",0,1,1.1,74,"case fatality","Breast cancer","Breast cancer",1,"Saudi Arabia"
70,"Female","Colon and rectum cancer","Ideal",0.000731832439026407,"SAU",0,1,2.2,74,"case fatality","Colon and rectum cancers","Colon and rectum cancers",1,"Saudi Arabia"
70,"Female","Colon and rectum cancer","Intervention",0.000457054615419155,"SAU",0,1,2.1,74,"case fatality","Colon and rectum cancers","Colon and rectum cancers",1,"Saudi Arabia"
70,"Female","Diabetes mellitus type 2","Ideal",0.0017273659684066,"SAU",0,1,5.2,74,"case fatality","Diabetes mellitus","Diabetes",1,"Saudi Arabia"
70,"Female","Diabetes mellitus type 2","Intervention",0.000971990298460623,"SAU",0,1,5.1,74,"case fatality","Diabetes mellitus","Diabetes",1,"Saudi Arabia"
70,"Female","Ischemic heart disease","Ideal",0.0149693549024059,"SAU",0,1,3.2,74,"case fatality","Ischaemic heart disease","Ischaemic heart disease",1,"Saudi Arabia"
70,"Female","Ischemic heart disease","Intervention",0.0113951371003237,"SAU",0,1,3.1,74,"case fatality","Ischaemic heart disease","Ischaemic heart disease",1,"Saudi Arabia"
70,"Female","Ischemic stroke","Ideal",0.0162466442685398,"SAU",0,1,4.2,74,"case fatality","Ischaemic stroke","Ischaemic stroke",1,"Saudi Arabia"
70,"Female","Ischemic stroke","Intervention",0.0121025482827362,"SAU",0,1,4.1,74,"case fatality","Ischaemic stroke","Ischaemic stroke",1,"Saudi Arabia"
70,"Male","Breast cancer","Ideal",0.000894077612618133,"SAU",0,1,1.2,74,"case fatality","Breast cancer","Breast cancer",1,"Saudi Arabia"
70,"Male","Breast cancer","Intervention",0.000528270346029571,"SAU",0,1,1.1,74,"case fatality","Breast cancer","Breast cancer",1,"Saudi Arabia"
70,"Male","Colon and rectum cancer","Ideal",0.000678965872803475,"SAU",0,1,2.2,74,"case fatality","Colon and rectum cancers","Colon and rectum cancers",1,"Saudi Arabia"
70,"Male","Colon and rectum cancer","Intervention",0.000403093206224006,"SAU",0,1,2.1,74,"case fatality","Colon and rectum cancers","Colon and rectum cancers",1,"Saudi Arabia"
70,"Male","Diabetes mellitus type 2","Ideal",0.00162941016339266,"SAU",0,1,5.2,74,"case fatality","Diabetes mellitus","Diabetes",1,"Saudi Arabia"
70,"Male","Diabetes mellitus type 2","Intervention",0.00087110668498219,"SAU",0,1,5.1,74,"case fatality","Diabetes mellitus","Diabetes",1,"Saudi Arabia"
70,"Male","Ischemic heart disease","Ideal",0.0135284113779272,"SAU",0,1,3.2,74,"case fatality","Ischaemic heart disease","Ischaemic heart disease",1,"Saudi Arabia"
70,"Male","Ischemic heart disease","Intervention",0.00989761651883899,"SAU",0,1,3.1,74,"case fatality","Ischaemic heart disease","Ischaemic heart disease",1,"Saudi Arabia"
70,"Male","Ischemic stroke","Ideal",0.014752131789441,"SAU",0,1,4.2,74,"case fatality","Ischaemic stroke","Ischaemic stroke",1,"Saudi Arabia"
70,"Male","Ischemic stroke","Intervention",0.0105419752011443,"SAU",0,1,4.1,74,"case fatality","Ischaemic stroke","Ischaemic stroke",1,"Saudi Arabia"
75,"Female","Breast cancer","Ideal",0.000964503216916409,"SAU",0,1,1.2,79,"case fatality","Breast cancer","Breast cancer",1,"Saudi Arabia"
75,"Female","Breast cancer","Intervention",0.00059955166892948,"SAU",0,1,1.1,79,"case fatality","Breast cancer","Breast cancer",1,"Saudi Arabia"
75,"Female","Colon and rectum cancer","Ideal",0.000731832439026407,"SAU",0,1,2.2,79,"case fatality","Colon and rectum cancers","Colon and rectum cancers",1,"Saudi Arabia"
75,"Female","Colon and rectum cancer","Intervention",0.000457054615419155,"SAU",0,1,2.1,79,"case fatality","Colon and rectum cancers","Colon and rectum cancers",1,"Saudi Arabia"
75,"Female","Diabetes mellitus type 2","Ideal",0.00174223927533145,"SAU",0,1,5.2,79,"case fatality","Diabetes mellitus","Diabetes",1,"Saudi Arabia"
75,"Female","Diabetes mellitus type 2","Intervention",0.000966526885030784,"SAU",0,1,5.1,79,"case fatality","Diabetes mellitus","Diabetes",1,"Saudi Arabia"
75,"Female","Ischemic heart disease","Ideal",0.0151317306100151,"SAU",0,1,3.2,79,"case fatality","Ischaemic heart disease","Ischaemic heart disease",1,"Saudi Arabia"
75,"Female","Ischemic heart disease","Intervention",0.0114779958891182,"SAU",0,1,3.1,79,"case fatality","Ischaemic heart disease","Ischaemic heart disease",1,"Saudi Arabia"
75,"Female","Ischemic stroke","Ideal",0.0162269395892282,"SAU",0,1,4.2,79,"case fatality","Ischaemic stroke","Ischaemic stroke",1,"Saudi Arabia"
75,"Female","Ischemic stroke","Intervention",0.0120491177956914,"SAU",0,1,4.1,79,"case fatality","Ischaemic stroke","Ischaemic stroke",1,"Saudi Arabia"
75,"Male","Breast cancer","Ideal",0.000894077612618133,"SAU",0,1,1.2,79,"case fatality","Breast cancer","Breast cancer",1,"Saudi Arabia"
75,"Male","Breast cancer","Intervention",0.000528270346029571,"SAU",0,1,1.1,79,"case fatality","Breast cancer","Breast cancer",1,"Saudi Arabia"
75,"Male","Colon and rectum cancer","Ideal",0.000678965872803475,"SAU",0,1,2.2,79,"case fatality","Colon and rectum cancers","Colon and rectum cancers",1,"Saudi Arabia"
75,"Male","Colon and rectum cancer","Intervention",0.000403093206224006,"SAU",0,1,2.1,79,"case fatality","Colon and rectum cancers","Colon and rectum cancers",1,"Saudi Arabia"
75,"Male","Diabetes mellitus type 2","Ideal",0.00164677841935789,"SAU",0,1,5.2,79,"case fatality","Diabetes mellitus","Diabetes",1,"Saudi Arabia"
75,"Male","Diabetes mellitus type 2","Intervention",0.000868134250204199,"SAU",0,1,5.1,79,"case fatality","Diabetes mellitus","Diabetes",1,"Saudi Arabia"
75,"Male","Ischemic heart disease","Ideal",0.0136865839425635,"SAU",0,1,3.2,79,"case fatality","Ischaemic heart disease","Ischaemic heart disease",1,"Saudi Arabia"
75,"Male","Ischemic heart disease","Intervention",0.00997474112088396,"SAU",0,1,3.1,79,"case fatality","Ischaemic heart disease","Ischaemic heart disease",1,"Saudi Arabia"
75,"Male","Ischemic stroke","Ideal",0.0147425397191724,"SAU",0,1,4.2,79,"case fatality","Ischaemic stroke","Ischaemic stroke",1,"Saudi Arabia"
75,"Male","Ischemic stroke","Intervention",0.0104985842396892,"SAU",0,1,4.1,79,"case fatality","Ischaemic stroke","Ischaemic stroke",1,"Saudi Arabia"
80,"Female","Breast cancer","Ideal",0.000964503216916409,"SAU",0,1,1.2,84,"case fatality","Breast cancer","Breast cancer",1,"Saudi Arabia"
80,"Female","Breast cancer","Intervention",0.00059955166892948,"SAU",0,1,1.1,84,"case fatality","Breast cancer","Breast cancer",1,"Saudi Arabia"
80,"Female","Colon and rectum cancer","Ideal",0.000731832439026407,"SAU",0,1,2.2,84,"case fatality","Colon and rectum cancers","Colon and rectum cancers",1,"Saudi Arabia"
80,"Female","Colon and rectum cancer","Intervention",0.000457054615419155,"SAU",0,1,2.1,84,"case fatality","Colon and rectum cancers","Colon and rectum cancers",1,"Saudi Arabia"
80,"Female","Diabetes mellitus type 2","Ideal",0.00174223927533145,"SAU",0,1,5.2,84,"case fatality","Diabetes mellitus","Diabetes",1,"Saudi Arabia"
80,"Female","Diabetes mellitus type 2","Intervention",0.000966526885030784,"SAU",0,1,5.1,84,"case fatality","Diabetes mellitus","Diabetes",1,"Saudi Arabia"
80,"Female","Ischemic heart disease","Ideal",0.0151317306100151,"SAU",0,1,3.2,84,"case fatality","Ischaemic heart disease","Ischaemic heart disease",1,"Saudi Arabia"
80,"Female","Ischemic heart disease","Intervention",0.0114779958891182,"SAU",0,1,3.1,84,"case fatality","Ischaemic heart disease","Ischaemic heart disease",1,"Saudi Arabia"
80,"Female","Ischemic stroke","Ideal",0.0162269395892282,"SAU",0,1,4.2,84,"case fatality","Ischaemic stroke","Ischaemic stroke",1,"Saudi Arabia"
80,"Female","Ischemic stroke","Intervention",0.0120491177956914,"SAU",0,1,4.1,84,"case fatality","Ischaemic stroke","Ischaemic stroke",1,"Saudi Arabia"
80,"Male","Breast cancer","Ideal",0.000894077612618133,"SAU",0,1,1.2,84,"case fatality","Breast cancer","Breast cancer",1,"Saudi Arabia"
80,"Male","Breast cancer","Intervention",0.000528270346029571,"SAU",0,1,1.1,84,"case fatality","Breast cancer","Breast cancer",1,"Saudi Arabia"
80,"Male","Colon and rectum cancer","Ideal",0.000678965872803475,"SAU",0,1,2.2,84,"case fatality","Colon and rectum cancers","Colon and rectum cancers",1,"Saudi Arabia"
80,"Male","Colon and rectum cancer","Intervention",0.000403093206224006,"SAU",0,1,2.1,84,"case fatality","Colon and rectum cancers","Colon and rectum cancers",1,"Saudi Arabia"
80,"Male","Diabetes mellitus type 2","Ideal",0.00164677841935789,"SAU",0,1,5.2,84,"case fatality","Diabetes mellitus","Diabetes",1,"Saudi Arabia"
80,"Male","Diabetes mellitus type 2","Intervention",0.000868134250204199,"SAU",0,1,5.1,84,"case fatality","Diabetes mellitus","Diabetes",1,"Saudi Arabia"
80,"Male","Ischemic heart disease","Ideal",0.0136865839425635,"SAU",0,1,3.2,84,"case fatality","Ischaemic heart disease","Ischaemic heart disease",1,"Saudi Arabia"
80,"Male","Ischemic heart disease","Intervention",0.00997474112088396,"SAU",0,1,3.1,84,"case fatality","Ischaemic heart disease","Ischaemic heart disease",1,"Saudi Arabia"
80,"Male","Ischemic stroke","Ideal",0.0147425397191724,"SAU",0,1,4.2,84,"case fatality","Ischaemic stroke","Ischaemic stroke",1,"Saudi Arabia"
80,"Male","Ischemic stroke","Intervention",0.0104985842396892,"SAU",0,1,4.1,84,"case fatality","Ischaemic stroke","Ischaemic stroke",1,"Saudi Arabia"
85,"Female","Breast cancer","Ideal",0.000964503216916409,"SAU",0,1,1.2,89,"case fatality","Breast cancer","Breast cancer",1,"Saudi Arabia"
85,"Female","Breast cancer","Intervention",0.00059955166892948,"SAU",0,1,1.1,89,"case fatality","Breast cancer","Breast cancer",1,"Saudi Arabia"
85,"Female","Colon and rectum cancer","Ideal",0.000731832439026407,"SAU",0,1,2.2,89,"case fatality","Colon and rectum cancers","Colon and rectum cancers",1,"Saudi Arabia"
85,"Female","Colon and rectum cancer","Intervention",0.000457054615419155,"SAU",0,1,2.1,89,"case fatality","Colon and rectum cancers","Colon and rectum cancers",1,"Saudi Arabia"
85,"Female","Diabetes mellitus type 2","Ideal",0.00174223927533145,"SAU",0,1,5.2,89,"case fatality","Diabetes mellitus","Diabetes",1,"Saudi Arabia"
85,"Female","Diabetes mellitus type 2","Intervention",0.000966526885030784,"SAU",0,1,5.1,89,"case fatality","Diabetes mellitus","Diabetes",1,"Saudi Arabia"
85,"Female","Ischemic heart disease","Ideal",0.0151317306100151,"SAU",0,1,3.2,89,"case fatality","Ischaemic heart disease","Ischaemic heart disease",1,"Saudi Arabia"
85,"Female","Ischemic heart disease","Intervention",0.0114779958891182,"SAU",0,1,3.1,89,"case fatality","Ischaemic heart disease","Ischaemic heart disease",1,"Saudi Arabia"
85,"Female","Ischemic stroke","Ideal",0.0162269395892282,"SAU",0,1,4.2,89,"case fatality","Ischaemic stroke","Ischaemic stroke",1,"Saudi Arabia"
85,"Female","Ischemic stroke","Intervention",0.0120491177956914,"SAU",0,1,4.1,89,"case fatality","Ischaemic stroke","Ischaemic stroke",1,"Saudi Arabia"
85,"Male","Breast cancer","Ideal",0.000894077612618133,"SAU",0,1,1.2,89,"case fatality","Breast cancer","Breast cancer",1,"Saudi Arabia"
85,"Male","Breast cancer","Intervention",0.000528270346029571,"SAU",0,1,1.1,89,"case fatality","Breast cancer","Breast cancer",1,"Saudi Arabia"
85,"Male","Colon and rectum cancer","Ideal",0.000678965872803475,"SAU",0,1,2.2,89,"case fatality","Colon and rectum cancers","Colon and rectum cancers",1,"Saudi Arabia"
85,"Male","Colon and rectum cancer","Intervention",0.000403093206224006,"SAU",0,1,2.1,89,"case fatality","Colon and rectum cancers","Colon and rectum cancers",1,"Saudi Arabia"
85,"Male","Diabetes mellitus type 2","Ideal",0.00164677841935789,"SAU",0,1,5.2,89,"case fatality","Diabetes mellitus","Diabetes",1,"Saudi Arabia"
85,"Male","Diabetes mellitus type 2","Intervention",0.000868134250204199,"SAU",0,1,5.1,89,"case fatality","Diabetes mellitus","Diabetes",1,"Saudi Arabia"
85,"Male","Ischemic heart disease","Ideal",0.0136865839425635,"SAU",0,1,3.2,89,"case fatality","Ischaemic heart disease","Ischaemic heart disease",1,"Saudi Arabia"
85,"Male","Ischemic heart disease","Intervention",0.00997474112088396,"SAU",0,1,3.1,89,"case fatality","Ischaemic heart disease","Ischaemic heart disease",1,"Saudi Arabia"
85,"Male","Ischemic stroke","Ideal",0.0147425397191724,"SAU",0,1,4.2,89,"case fatality","Ischaemic stroke","Ischaemic stroke",1,"Saudi Arabia"
85,"Male","Ischemic stroke","Intervention",0.0104985842396892,"SAU",0,1,4.1,89,"case fatality","Ischaemic stroke","Ischaemic stroke",1,"Saudi Arabia"
