"iso3","Mortality.reduction","Outcome","Risk","NCD4","self_harm","NCD.cause.grouping"
"AFG",0.0254716981132076,"Hypertensive heart disease","Salt","yes","no","All other cardiovascular diseases"
"ALB",0.078679245283019,"Hypertensive heart disease","Salt","yes","no","All other cardiovascular diseases"
"DZA",0.0554716981132076,"Hypertensive heart disease","Salt","yes","no","All other cardiovascular diseases"
"ASM",NA,NA,NA,NA,NA,NA
"AND",0.059433962264151,"Hypertensive heart disease","Salt","yes","no","All other cardiovascular diseases"
"AGO",0.00962264150943398,"Hypertensive heart disease","Salt","yes","no","All other cardiovascular diseases"
"ATG",0,"Hypertensive heart disease","Salt","yes","no","All other cardiovascular diseases"
"ARG",0.0213396226415095,"Hypertensive heart disease","Salt","yes","no","All other cardiovascular diseases"
"ARM",0.0667924528301888,"Hypertensive heart disease","Salt","yes","no","All other cardiovascular diseases"
"AUS",0.019811320754717,"Hypertensive heart disease","Salt","yes","no","All other cardiovascular diseases"
"AUT",0.0456854150943397,"Hypertensive heart disease","Salt","yes","no","All other cardiovascular diseases"
"AZE",0.0697358490566039,"Hypertensive heart disease","Salt","yes","no","All other cardiovascular diseases"
"BHR",0,"Hypertensive heart disease","Salt","yes","no","All other cardiovascular diseases"
"BGD",0.0858618849056605,"Hypertensive heart disease","Salt","yes","no","All other cardiovascular diseases"
"BRB",0,"Hypertensive heart disease","Salt","yes","no","All other cardiovascular diseases"
"BLR",0.0219056603773585,"Hypertensive heart disease","Salt","yes","no","All other cardiovascular diseases"
"BEL",0,"Hypertensive heart disease","Salt","yes","no","All other cardiovascular diseases"
"BLZ",0,"Hypertensive heart disease","Salt","yes","no","All other cardiovascular diseases"
"BEN",0,"Hypertensive heart disease","Salt","yes","no","All other cardiovascular diseases"
"BMU",NA,NA,NA,NA,NA,NA
"BTN",0.0908154551886794,"Hypertensive heart disease","Salt","yes","no","All other cardiovascular diseases"
"BOL",0.0322641509433963,"Hypertensive heart disease","Salt","yes","no","All other cardiovascular diseases"
"BIH",0.0634686792452831,"Hypertensive heart disease","Salt","yes","no","All other cardiovascular diseases"
"BWA",0.0277358490566038,"Hypertensive heart disease","Salt","yes","no","All other cardiovascular diseases"
"BRA",0.0212830188679246,"Hypertensive heart disease","Salt","yes","no","All other cardiovascular diseases"
"BRN",0.118518755660378,"Hypertensive heart disease","Salt","yes","no","All other cardiovascular diseases"
"BGR",0,"Hypertensive heart disease","Salt","yes","no","All other cardiovascular diseases"
"BFA",0,"Hypertensive heart disease","Salt","yes","no","All other cardiovascular diseases"
"BDI",0,"Hypertensive heart disease","Salt","yes","no","All other cardiovascular diseases"
"KHM",0.0718867924528303,"Hypertensive heart disease","Salt","yes","no","All other cardiovascular diseases"
"CMR",0,"Hypertensive heart disease","Salt","yes","no","All other cardiovascular diseases"
"CAN",0.0392122641509435,"Hypertensive heart disease","Salt","yes","no","All other cardiovascular diseases"
"CPV",0,"Hypertensive heart disease","Salt","yes","no","All other cardiovascular diseases"
"CAF",0,"Hypertensive heart disease","Salt","yes","no","All other cardiovascular diseases"
"TCD",0,"Hypertensive heart disease","Salt","yes","no","All other cardiovascular diseases"
"CHL",0,"Hypertensive heart disease","Salt","yes","no","All other cardiovascular diseases"
"CHN",0.0393624169811321,"Hypertensive heart disease","Salt","yes","no","All other cardiovascular diseases"
"COL",0.0529904433962265,"Hypertensive heart disease","Salt","yes","no","All other cardiovascular diseases"
"COM",0,"Hypertensive heart disease","Salt","yes","no","All other cardiovascular diseases"
"COG",0.0067924528301887,"Hypertensive heart disease","Salt","yes","no","All other cardiovascular diseases"
"CRI",0.0217924528301887,"Hypertensive heart disease","Salt","yes","no","All other cardiovascular diseases"
"CIV",0.0430188679245284,"Hypertensive heart disease","Salt","yes","no","All other cardiovascular diseases"
"HRV",0,"Hypertensive heart disease","Salt","yes","no","All other cardiovascular diseases"
"CUB",0,"Hypertensive heart disease","Salt","yes","no","All other cardiovascular diseases"
"CYP",0.0481132075471699,"Hypertensive heart disease","Salt","yes","no","All other cardiovascular diseases"
"CZE",0.0435486792452831,"Hypertensive heart disease","Salt","yes","no","All other cardiovascular diseases"
"COD",0,"Hypertensive heart disease","Salt","yes","no","All other cardiovascular diseases"
"DNK",0,"Hypertensive heart disease","Salt","yes","no","All other cardiovascular diseases"
"DJI",0,"Hypertensive heart disease","Salt","yes","no","All other cardiovascular diseases"
"DMA",0,"Hypertensive heart disease","Salt","yes","no","All other cardiovascular diseases"
"DOM",0,"Hypertensive heart disease","Salt","yes","no","All other cardiovascular diseases"
"ECU",0,"Hypertensive heart disease","Salt","yes","no","All other cardiovascular diseases"
"EGY",0.0515094339622642,"Hypertensive heart disease","Salt","yes","no","All other cardiovascular diseases"
"SLV",0.0384905660377359,"Hypertensive heart disease","Salt","yes","no","All other cardiovascular diseases"
"GNQ",0.0283018867924529,"Hypertensive heart disease","Salt","yes","no","All other cardiovascular diseases"
"ERI",0,"Hypertensive heart disease","Salt","yes","no","All other cardiovascular diseases"
"EST",0.0225283018867925,"Hypertensive heart disease","Salt","yes","no","All other cardiovascular diseases"
"ETH",0,"Hypertensive heart disease","Salt","yes","no","All other cardiovascular diseases"
"FSM",0.0181132075471698,"Hypertensive heart disease","Salt","yes","no","All other cardiovascular diseases"
"FJI",0.0200943396226415,"Hypertensive heart disease","Salt","yes","no","All other cardiovascular diseases"
"FIN",0,"Hypertensive heart disease","Salt","yes","no","All other cardiovascular diseases"
"FRA",0.0150962264150944,"Hypertensive heart disease","Salt","yes","no","All other cardiovascular diseases"
"GAB",0.019245283018868,"Hypertensive heart disease","Salt","yes","no","All other cardiovascular diseases"
"GEO",0.0500428301886793,"Hypertensive heart disease","Salt","yes","no","All other cardiovascular diseases"
"DEU",0,"Hypertensive heart disease","Salt","yes","no","All other cardiovascular diseases"
"GHA",0.0628301886792454,"Hypertensive heart disease","Salt","yes","no","All other cardiovascular diseases"
"GRC",0.0214528301886793,"Hypertensive heart disease","Salt","yes","no","All other cardiovascular diseases"
"GRL",NA,NA,NA,NA,NA,NA
"GRD",0,"Hypertensive heart disease","Salt","yes","no","All other cardiovascular diseases"
"GUM",NA,NA,NA,NA,NA,NA
"GTM",0,"Hypertensive heart disease","Salt","yes","no","All other cardiovascular diseases"
"GIN",0,"Hypertensive heart disease","Salt","yes","no","All other cardiovascular diseases"
"GNB",0,"Hypertensive heart disease","Salt","yes","no","All other cardiovascular diseases"
"GUY",0,"Hypertensive heart disease","Salt","yes","no","All other cardiovascular diseases"
"HTI",0,"Hypertensive heart disease","Salt","yes","no","All other cardiovascular diseases"
"HND",0.0328301886792453,"Hypertensive heart disease","Salt","yes","no","All other cardiovascular diseases"
"HUN",0.0270566037735849,"Hypertensive heart disease","Salt","yes","no","All other cardiovascular diseases"
"ISL",0.0203773584905661,"Hypertensive heart disease","Salt","yes","no","All other cardiovascular diseases"
"IND",0,"Hypertensive heart disease","Salt","yes","no","All other cardiovascular diseases"
"IDN",0.0840272292452832,"Hypertensive heart disease","Salt","yes","no","All other cardiovascular diseases"
"IRN",0,"Hypertensive heart disease","Salt","yes","no","All other cardiovascular diseases"
"IRQ",0.0530745283018869,"Hypertensive heart disease","Salt","yes","no","All other cardiovascular diseases"
"IRL",0,"Hypertensive heart disease","Salt","yes","no","All other cardiovascular diseases"
"ISR",0,"Hypertensive heart disease","Salt","yes","no","All other cardiovascular diseases"
"ITA",0,"Hypertensive heart disease","Salt","yes","no","All other cardiovascular diseases"
"JAM",0,"Hypertensive heart disease","Salt","yes","no","All other cardiovascular diseases"
"JPN",0.105859631603774,"Hypertensive heart disease","Salt","yes","no","All other cardiovascular diseases"
"JOR",0.0515094339622642,"Hypertensive heart disease","Salt","yes","no","All other cardiovascular diseases"
"KAZ",0,"Hypertensive heart disease","Salt","yes","no","All other cardiovascular diseases"
"KEN",0,"Hypertensive heart disease","Salt","yes","no","All other cardiovascular diseases"
"KIR",0.0130188679245283,"Hypertensive heart disease","Salt","yes","no","All other cardiovascular diseases"
"KWT",0,"Hypertensive heart disease","Salt","yes","no","All other cardiovascular diseases"
"KGZ",0.0537735849056605,"Hypertensive heart disease","Salt","yes","no","All other cardiovascular diseases"
"LAO",0.0798113207547171,"Hypertensive heart disease","Salt","yes","no","All other cardiovascular diseases"
"LVA",0.0520754716981133,"Hypertensive heart disease","Salt","yes","no","All other cardiovascular diseases"
"LBN",0.0577358490566039,"Hypertensive heart disease","Salt","yes","no","All other cardiovascular diseases"
"LSO",0.00849056603773586,"Hypertensive heart disease","Salt","yes","no","All other cardiovascular diseases"
"LBR",0,"Hypertensive heart disease","Salt","yes","no","All other cardiovascular diseases"
"LBY",0.0520754716981133,"Hypertensive heart disease","Salt","yes","no","All other cardiovascular diseases"
"LTU",0,"Hypertensive heart disease","Salt","yes","no","All other cardiovascular diseases"
"LUX",0.0650943396226416,"Hypertensive heart disease","Salt","yes","no","All other cardiovascular diseases"
"MKD",0.0816421768867926,"Hypertensive heart disease","Salt","yes","no","All other cardiovascular diseases"
"MDG",0,"Hypertensive heart disease","Salt","yes","no","All other cardiovascular diseases"
"MWI",0,"Hypertensive heart disease","Salt","yes","no","All other cardiovascular diseases"
"MYS",0,"Hypertensive heart disease","Salt","yes","no","All other cardiovascular diseases"
"MDV",0.0854949537735851,"Hypertensive heart disease","Salt","yes","no","All other cardiovascular diseases"
"MLI",0,"Hypertensive heart disease","Salt","yes","no","All other cardiovascular diseases"
"MLT",0.0228679245283019,"Hypertensive heart disease","Salt","yes","no","All other cardiovascular diseases"
"MHL",0.019245283018868,"Hypertensive heart disease","Salt","yes","no","All other cardiovascular diseases"
"MRT",0,"Hypertensive heart disease","Salt","yes","no","All other cardiovascular diseases"
"MUS",0.0871461438679247,"Hypertensive heart disease","Salt","yes","no","All other cardiovascular diseases"
"MEX",0.019245283018868,"Hypertensive heart disease","Salt","yes","no","All other cardiovascular diseases"
"MDA",0,"Hypertensive heart disease","Salt","yes","no","All other cardiovascular diseases"
"MNG",0,"Hypertensive heart disease","Salt","yes","no","All other cardiovascular diseases"
"MNE",0.0253584905660378,"Hypertensive heart disease","Salt","yes","no","All other cardiovascular diseases"
"MAR",0.0352449056603774,"Hypertensive heart disease","Salt","yes","no","All other cardiovascular diseases"
"MOZ",0,"Hypertensive heart disease","Salt","yes","no","All other cardiovascular diseases"
"MMR",0.0792452830188681,"Hypertensive heart disease","Salt","yes","no","All other cardiovascular diseases"
"NAM",0.0226415094339623,"Hypertensive heart disease","Salt","yes","no","All other cardiovascular diseases"
"NPL",0.0845776259433964,"Hypertensive heart disease","Salt","yes","no","All other cardiovascular diseases"
"NLD",0,"Hypertensive heart disease","Salt","yes","no","All other cardiovascular diseases"
"NZL",0.0845776259433964,"Hypertensive heart disease","Salt","yes","no","All other cardiovascular diseases"
"NIC",0.0328301886792453,"Hypertensive heart disease","Salt","yes","no","All other cardiovascular diseases"
"NER",0,"Hypertensive heart disease","Salt","yes","no","All other cardiovascular diseases"
"NGA",0,"Hypertensive heart disease","Salt","yes","no","All other cardiovascular diseases"
"PRK",0.0831099014150945,"Hypertensive heart disease","Salt","yes","no","All other cardiovascular diseases"
"MNP",NA,NA,NA,NA,NA,NA
"NOR",0.0172754716981133,"Hypertensive heart disease","Salt","yes","no","All other cardiovascular diseases"
"OMN",0,"Hypertensive heart disease","Salt","yes","no","All other cardiovascular diseases"
"PAK",0.0880634716981134,"Hypertensive heart disease","Salt","yes","no","All other cardiovascular diseases"
"PSE",NA,NA,NA,NA,NA,NA
"PAN",0.0537735849056605,"Hypertensive heart disease","Salt","yes","no","All other cardiovascular diseases"
"PNG",0.0169811320754717,"Hypertensive heart disease","Salt","yes","no","All other cardiovascular diseases"
"PRY",0.0356603773584906,"Hypertensive heart disease","Salt","yes","no","All other cardiovascular diseases"
"PER",0.039622641509434,"Hypertensive heart disease","Salt","yes","no","All other cardiovascular diseases"
"PHL",0.0818256424528303,"Hypertensive heart disease","Salt","yes","no","All other cardiovascular diseases"
"POL",0,"Hypertensive heart disease","Salt","yes","no","All other cardiovascular diseases"
"PRT",0.022811320754717,"Hypertensive heart disease","Salt","yes","no","All other cardiovascular diseases"
"PRI",NA,NA,NA,NA,NA,NA
"QAT",0.0268301886792453,"Hypertensive heart disease","Salt","yes","no","All other cardiovascular diseases"
"ROU",0.0840272292452832,"Hypertensive heart disease","Salt","yes","no","All other cardiovascular diseases"
"RUS",0.0219622641509434,"Hypertensive heart disease","Salt","yes","no","All other cardiovascular diseases"
"RWA",0,"Hypertensive heart disease","Salt","yes","no","All other cardiovascular diseases"
"LCA",0,"Hypertensive heart disease","Salt","yes","no","All other cardiovascular diseases"
"VCT",0,"Hypertensive heart disease","Salt","yes","no","All other cardiovascular diseases"
"WSM",0,"Hypertensive heart disease","Salt","yes","no","All other cardiovascular diseases"
"STP",0,"Hypertensive heart disease","Salt","yes","no","All other cardiovascular diseases"
"SAU",0,"Hypertensive heart disease","Salt","yes","no","All other cardiovascular diseases"
"SEN",0,"Hypertensive heart disease","Salt","yes","no","All other cardiovascular diseases"
"SRB",0.0818256424528303,"Hypertensive heart disease","Salt","yes","no","All other cardiovascular diseases"
"SYC",0.0475471698113208,"Hypertensive heart disease","Salt","yes","no","All other cardiovascular diseases"
"SLE",0,"Hypertensive heart disease","Salt","yes","no","All other cardiovascular diseases"
"SGP",0.0256358490566038,"Hypertensive heart disease","Salt","yes","no","All other cardiovascular diseases"
"SVK",0.0383292452830189,"Hypertensive heart disease","Salt","yes","no","All other cardiovascular diseases"
"SVN",0.0267735849056604,"Hypertensive heart disease","Salt","yes","no","All other cardiovascular diseases"
"SLB",0.0124528301886793,"Hypertensive heart disease","Salt","yes","no","All other cardiovascular diseases"
"SOM",0,"Hypertensive heart disease","Salt","yes","no","All other cardiovascular diseases"
"ZAF",0.010188679245283,"Hypertensive heart disease","Salt","yes","no","All other cardiovascular diseases"
"KOR",0,"Hypertensive heart disease","Salt","yes","no","All other cardiovascular diseases"
"SSD",0,"Hypertensive heart disease","Salt","yes","no","All other cardiovascular diseases"
"ESP",0.0220754716981132,"Hypertensive heart disease","Salt","yes","no","All other cardiovascular diseases"
"LKA",0,"Hypertensive heart disease","Salt","yes","no","All other cardiovascular diseases"
"SDN",0.0384905660377359,"Hypertensive heart disease","Salt","yes","no","All other cardiovascular diseases"
"SUR",0,"Hypertensive heart disease","Salt","yes","no","All other cardiovascular diseases"
"SWZ",0.0203773584905661,"Hypertensive heart disease","Salt","yes","no","All other cardiovascular diseases"
"SWE",0.065122386792453,"Hypertensive heart disease","Salt","yes","no","All other cardiovascular diseases"
"CHE",0.0226415094339623,"Hypertensive heart disease","Salt","yes","no","All other cardiovascular diseases"
"SYR",0.0413207547169812,"Hypertensive heart disease","Salt","yes","no","All other cardiovascular diseases"
"TWN",NA,NA,NA,NA,NA,NA
"TJK",0.0509433962264152,"Hypertensive heart disease","Salt","yes","no","All other cardiovascular diseases"
"TZA",0.00792452830188681,"Hypertensive heart disease","Salt","yes","no","All other cardiovascular diseases"
"THA",0,"Hypertensive heart disease","Salt","yes","no","All other cardiovascular diseases"
"BHS",0,"Hypertensive heart disease","Salt","yes","no","All other cardiovascular diseases"
"GMB",0,"Hypertensive heart disease","Salt","yes","no","All other cardiovascular diseases"
"TLS",0.0699053207547171,"Hypertensive heart disease","Salt","yes","no","All other cardiovascular diseases"
"TGO",0,"Hypertensive heart disease","Salt","yes","no","All other cardiovascular diseases"
"TON",0.0249056603773585,"Hypertensive heart disease","Salt","yes","no","All other cardiovascular diseases"
"TTO",0,"Hypertensive heart disease","Salt","yes","no","All other cardiovascular diseases"
"TUN",0.0155320754716982,"Hypertensive heart disease","Salt","yes","no","All other cardiovascular diseases"
"TUR",0,"Hypertensive heart disease","Salt","yes","no","All other cardiovascular diseases"
"TKM",0.0249056603773585,"Hypertensive heart disease","Salt","yes","no","All other cardiovascular diseases"
"UGA",0,"Hypertensive heart disease","Salt","yes","no","All other cardiovascular diseases"
"UKR",0.0384905660377359,"Hypertensive heart disease","Salt","yes","no","All other cardiovascular diseases"
"ARE",0,"Hypertensive heart disease","Salt","yes","no","All other cardiovascular diseases"
"GBR",0,"Hypertensive heart disease","Salt","yes","no","All other cardiovascular diseases"
"USA",0.0289245283018868,"Hypertensive heart disease","Salt","yes","no","All other cardiovascular diseases"
"URY",0.016522641509434,"Hypertensive heart disease","Salt","yes","no","All other cardiovascular diseases"
"UZB",0.0163641509433963,"Hypertensive heart disease","Salt","yes","no","All other cardiovascular diseases"
"VUT",0.0169811320754717,"Hypertensive heart disease","Salt","yes","no","All other cardiovascular diseases"
"VEN",0.0486792452830189,"Hypertensive heart disease","Salt","yes","no","All other cardiovascular diseases"
"VNM",0,"Hypertensive heart disease","Salt","yes","no","All other cardiovascular diseases"
"VIR",NA,NA,NA,NA,NA,NA
"YEM",0.0345283018867925,"Hypertensive heart disease","Salt","yes","no","All other cardiovascular diseases"
"ZMB",0,"Hypertensive heart disease","Salt","yes","no","All other cardiovascular diseases"
"ZWE",0.00905660377358493,"Hypertensive heart disease","Salt","yes","no","All other cardiovascular diseases"
"AFG",0.0254716981132076,"Ischemic heart disease","Salt","yes","no","Ischaemic heart disease"
"ALB",0.078679245283019,"Ischemic heart disease","Salt","yes","no","Ischaemic heart disease"
"DZA",0.0554716981132076,"Ischemic heart disease","Salt","yes","no","Ischaemic heart disease"
"ASM",NA,"Ischemic heart disease",NA,NA,NA,"Ischaemic heart disease"
"AND",0.059433962264151,"Ischemic heart disease","Salt","yes","no","Ischaemic heart disease"
"AGO",0.00962264150943398,"Ischemic heart disease","Salt","yes","no","Ischaemic heart disease"
"ATG",0,"Ischemic heart disease","Salt","yes","no","Ischaemic heart disease"
"ARG",0.0213396226415095,"Ischemic heart disease","Salt","yes","no","Ischaemic heart disease"
"ARM",0.0667924528301888,"Ischemic heart disease","Salt","yes","no","Ischaemic heart disease"
"AUS",0.019811320754717,"Ischemic heart disease","Salt","yes","no","Ischaemic heart disease"
"AUT",0.0456854150943397,"Ischemic heart disease","Salt","yes","no","Ischaemic heart disease"
"AZE",0.0697358490566039,"Ischemic heart disease","Salt","yes","no","Ischaemic heart disease"
"BHR",0,"Ischemic heart disease","Salt","yes","no","Ischaemic heart disease"
"BGD",0.0858618849056605,"Ischemic heart disease","Salt","yes","no","Ischaemic heart disease"
"BRB",0,"Ischemic heart disease","Salt","yes","no","Ischaemic heart disease"
"BLR",0.0219056603773585,"Ischemic heart disease","Salt","yes","no","Ischaemic heart disease"
"BEL",0,"Ischemic heart disease","Salt","yes","no","Ischaemic heart disease"
"BLZ",0,"Ischemic heart disease","Salt","yes","no","Ischaemic heart disease"
"BEN",0,"Ischemic heart disease","Salt","yes","no","Ischaemic heart disease"
"BMU",NA,"Ischemic heart disease",NA,NA,NA,"Ischaemic heart disease"
"BTN",0.0908154551886794,"Ischemic heart disease","Salt","yes","no","Ischaemic heart disease"
"BOL",0.0322641509433963,"Ischemic heart disease","Salt","yes","no","Ischaemic heart disease"
"BIH",0.0634686792452831,"Ischemic heart disease","Salt","yes","no","Ischaemic heart disease"
"BWA",0.0277358490566038,"Ischemic heart disease","Salt","yes","no","Ischaemic heart disease"
"BRA",0.0212830188679246,"Ischemic heart disease","Salt","yes","no","Ischaemic heart disease"
"BRN",0.118518755660378,"Ischemic heart disease","Salt","yes","no","Ischaemic heart disease"
"BGR",0,"Ischemic heart disease","Salt","yes","no","Ischaemic heart disease"
"BFA",0,"Ischemic heart disease","Salt","yes","no","Ischaemic heart disease"
"BDI",0,"Ischemic heart disease","Salt","yes","no","Ischaemic heart disease"
"KHM",0.0718867924528303,"Ischemic heart disease","Salt","yes","no","Ischaemic heart disease"
"CMR",0,"Ischemic heart disease","Salt","yes","no","Ischaemic heart disease"
"CAN",0.0392122641509435,"Ischemic heart disease","Salt","yes","no","Ischaemic heart disease"
"CPV",0,"Ischemic heart disease","Salt","yes","no","Ischaemic heart disease"
"CAF",0,"Ischemic heart disease","Salt","yes","no","Ischaemic heart disease"
"TCD",0,"Ischemic heart disease","Salt","yes","no","Ischaemic heart disease"
"CHL",0,"Ischemic heart disease","Salt","yes","no","Ischaemic heart disease"
"CHN",0.0393624169811321,"Ischemic heart disease","Salt","yes","no","Ischaemic heart disease"
"COL",0.0529904433962265,"Ischemic heart disease","Salt","yes","no","Ischaemic heart disease"
"COM",0,"Ischemic heart disease","Salt","yes","no","Ischaemic heart disease"
"COG",0.0067924528301887,"Ischemic heart disease","Salt","yes","no","Ischaemic heart disease"
"CRI",0.0217924528301887,"Ischemic heart disease","Salt","yes","no","Ischaemic heart disease"
"CIV",0.0430188679245284,"Ischemic heart disease","Salt","yes","no","Ischaemic heart disease"
"HRV",0,"Ischemic heart disease","Salt","yes","no","Ischaemic heart disease"
"CUB",0,"Ischemic heart disease","Salt","yes","no","Ischaemic heart disease"
"CYP",0.0481132075471699,"Ischemic heart disease","Salt","yes","no","Ischaemic heart disease"
"CZE",0.0435486792452831,"Ischemic heart disease","Salt","yes","no","Ischaemic heart disease"
"COD",0,"Ischemic heart disease","Salt","yes","no","Ischaemic heart disease"
"DNK",0,"Ischemic heart disease","Salt","yes","no","Ischaemic heart disease"
"DJI",0,"Ischemic heart disease","Salt","yes","no","Ischaemic heart disease"
"DMA",0,"Ischemic heart disease","Salt","yes","no","Ischaemic heart disease"
"DOM",0,"Ischemic heart disease","Salt","yes","no","Ischaemic heart disease"
"ECU",0,"Ischemic heart disease","Salt","yes","no","Ischaemic heart disease"
"EGY",0.0515094339622642,"Ischemic heart disease","Salt","yes","no","Ischaemic heart disease"
"SLV",0.0384905660377359,"Ischemic heart disease","Salt","yes","no","Ischaemic heart disease"
"GNQ",0.0283018867924529,"Ischemic heart disease","Salt","yes","no","Ischaemic heart disease"
"ERI",0,"Ischemic heart disease","Salt","yes","no","Ischaemic heart disease"
"EST",0.0225283018867925,"Ischemic heart disease","Salt","yes","no","Ischaemic heart disease"
"ETH",0,"Ischemic heart disease","Salt","yes","no","Ischaemic heart disease"
"FSM",0.0181132075471698,"Ischemic heart disease","Salt","yes","no","Ischaemic heart disease"
"FJI",0.0200943396226415,"Ischemic heart disease","Salt","yes","no","Ischaemic heart disease"
"FIN",0,"Ischemic heart disease","Salt","yes","no","Ischaemic heart disease"
"FRA",0.0150962264150944,"Ischemic heart disease","Salt","yes","no","Ischaemic heart disease"
"GAB",0.019245283018868,"Ischemic heart disease","Salt","yes","no","Ischaemic heart disease"
"GEO",0.0500428301886793,"Ischemic heart disease","Salt","yes","no","Ischaemic heart disease"
"DEU",0,"Ischemic heart disease","Salt","yes","no","Ischaemic heart disease"
"GHA",0.0628301886792454,"Ischemic heart disease","Salt","yes","no","Ischaemic heart disease"
"GRC",0.0214528301886793,"Ischemic heart disease","Salt","yes","no","Ischaemic heart disease"
"GRL",NA,"Ischemic heart disease",NA,NA,NA,"Ischaemic heart disease"
"GRD",0,"Ischemic heart disease","Salt","yes","no","Ischaemic heart disease"
"GUM",NA,"Ischemic heart disease",NA,NA,NA,"Ischaemic heart disease"
"GTM",0,"Ischemic heart disease","Salt","yes","no","Ischaemic heart disease"
"GIN",0,"Ischemic heart disease","Salt","yes","no","Ischaemic heart disease"
"GNB",0,"Ischemic heart disease","Salt","yes","no","Ischaemic heart disease"
"GUY",0,"Ischemic heart disease","Salt","yes","no","Ischaemic heart disease"
"HTI",0,"Ischemic heart disease","Salt","yes","no","Ischaemic heart disease"
"HND",0.0328301886792453,"Ischemic heart disease","Salt","yes","no","Ischaemic heart disease"
"HUN",0.0270566037735849,"Ischemic heart disease","Salt","yes","no","Ischaemic heart disease"
"ISL",0.0203773584905661,"Ischemic heart disease","Salt","yes","no","Ischaemic heart disease"
"IND",0,"Ischemic heart disease","Salt","yes","no","Ischaemic heart disease"
"IDN",0.0840272292452832,"Ischemic heart disease","Salt","yes","no","Ischaemic heart disease"
"IRN",0,"Ischemic heart disease","Salt","yes","no","Ischaemic heart disease"
"IRQ",0.0530745283018869,"Ischemic heart disease","Salt","yes","no","Ischaemic heart disease"
"IRL",0,"Ischemic heart disease","Salt","yes","no","Ischaemic heart disease"
"ISR",0,"Ischemic heart disease","Salt","yes","no","Ischaemic heart disease"
"ITA",0,"Ischemic heart disease","Salt","yes","no","Ischaemic heart disease"
"JAM",0,"Ischemic heart disease","Salt","yes","no","Ischaemic heart disease"
"JPN",0.105859631603774,"Ischemic heart disease","Salt","yes","no","Ischaemic heart disease"
"JOR",0.0515094339622642,"Ischemic heart disease","Salt","yes","no","Ischaemic heart disease"
"KAZ",0,"Ischemic heart disease","Salt","yes","no","Ischaemic heart disease"
"KEN",0,"Ischemic heart disease","Salt","yes","no","Ischaemic heart disease"
"KIR",0.0130188679245283,"Ischemic heart disease","Salt","yes","no","Ischaemic heart disease"
"KWT",0,"Ischemic heart disease","Salt","yes","no","Ischaemic heart disease"
"KGZ",0.0537735849056605,"Ischemic heart disease","Salt","yes","no","Ischaemic heart disease"
"LAO",0.0798113207547171,"Ischemic heart disease","Salt","yes","no","Ischaemic heart disease"
"LVA",0.0520754716981133,"Ischemic heart disease","Salt","yes","no","Ischaemic heart disease"
"LBN",0.0577358490566039,"Ischemic heart disease","Salt","yes","no","Ischaemic heart disease"
"LSO",0.00849056603773586,"Ischemic heart disease","Salt","yes","no","Ischaemic heart disease"
"LBR",0,"Ischemic heart disease","Salt","yes","no","Ischaemic heart disease"
"LBY",0.0520754716981133,"Ischemic heart disease","Salt","yes","no","Ischaemic heart disease"
"LTU",0,"Ischemic heart disease","Salt","yes","no","Ischaemic heart disease"
"LUX",0.0650943396226416,"Ischemic heart disease","Salt","yes","no","Ischaemic heart disease"
"MKD",0.0816421768867926,"Ischemic heart disease","Salt","yes","no","Ischaemic heart disease"
"MDG",0,"Ischemic heart disease","Salt","yes","no","Ischaemic heart disease"
"MWI",0,"Ischemic heart disease","Salt","yes","no","Ischaemic heart disease"
"MYS",0,"Ischemic heart disease","Salt","yes","no","Ischaemic heart disease"
"MDV",0.0854949537735851,"Ischemic heart disease","Salt","yes","no","Ischaemic heart disease"
"MLI",0,"Ischemic heart disease","Salt","yes","no","Ischaemic heart disease"
"MLT",0.0228679245283019,"Ischemic heart disease","Salt","yes","no","Ischaemic heart disease"
"MHL",0.019245283018868,"Ischemic heart disease","Salt","yes","no","Ischaemic heart disease"
"MRT",0,"Ischemic heart disease","Salt","yes","no","Ischaemic heart disease"
"MUS",0.0871461438679247,"Ischemic heart disease","Salt","yes","no","Ischaemic heart disease"
"MEX",0.019245283018868,"Ischemic heart disease","Salt","yes","no","Ischaemic heart disease"
"MDA",0,"Ischemic heart disease","Salt","yes","no","Ischaemic heart disease"
"MNG",0,"Ischemic heart disease","Salt","yes","no","Ischaemic heart disease"
"MNE",0.0253584905660378,"Ischemic heart disease","Salt","yes","no","Ischaemic heart disease"
"MAR",0.0352449056603774,"Ischemic heart disease","Salt","yes","no","Ischaemic heart disease"
"MOZ",0,"Ischemic heart disease","Salt","yes","no","Ischaemic heart disease"
"MMR",0.0792452830188681,"Ischemic heart disease","Salt","yes","no","Ischaemic heart disease"
"NAM",0.0226415094339623,"Ischemic heart disease","Salt","yes","no","Ischaemic heart disease"
"NPL",0.0845776259433964,"Ischemic heart disease","Salt","yes","no","Ischaemic heart disease"
"NLD",0,"Ischemic heart disease","Salt","yes","no","Ischaemic heart disease"
"NZL",0.0845776259433964,"Ischemic heart disease","Salt","yes","no","Ischaemic heart disease"
"NIC",0.0328301886792453,"Ischemic heart disease","Salt","yes","no","Ischaemic heart disease"
"NER",0,"Ischemic heart disease","Salt","yes","no","Ischaemic heart disease"
"NGA",0,"Ischemic heart disease","Salt","yes","no","Ischaemic heart disease"
"PRK",0.0831099014150945,"Ischemic heart disease","Salt","yes","no","Ischaemic heart disease"
"MNP",NA,"Ischemic heart disease",NA,NA,NA,"Ischaemic heart disease"
"NOR",0.0172754716981133,"Ischemic heart disease","Salt","yes","no","Ischaemic heart disease"
"OMN",0,"Ischemic heart disease","Salt","yes","no","Ischaemic heart disease"
"PAK",0.0880634716981134,"Ischemic heart disease","Salt","yes","no","Ischaemic heart disease"
"PSE",NA,"Ischemic heart disease",NA,NA,NA,"Ischaemic heart disease"
"PAN",0.0537735849056605,"Ischemic heart disease","Salt","yes","no","Ischaemic heart disease"
"PNG",0.0169811320754717,"Ischemic heart disease","Salt","yes","no","Ischaemic heart disease"
"PRY",0.0356603773584906,"Ischemic heart disease","Salt","yes","no","Ischaemic heart disease"
"PER",0.039622641509434,"Ischemic heart disease","Salt","yes","no","Ischaemic heart disease"
"PHL",0.0818256424528303,"Ischemic heart disease","Salt","yes","no","Ischaemic heart disease"
"POL",0,"Ischemic heart disease","Salt","yes","no","Ischaemic heart disease"
"PRT",0.022811320754717,"Ischemic heart disease","Salt","yes","no","Ischaemic heart disease"
"PRI",NA,"Ischemic heart disease",NA,NA,NA,"Ischaemic heart disease"
"QAT",0.0268301886792453,"Ischemic heart disease","Salt","yes","no","Ischaemic heart disease"
"ROU",0.0840272292452832,"Ischemic heart disease","Salt","yes","no","Ischaemic heart disease"
"RUS",0.0219622641509434,"Ischemic heart disease","Salt","yes","no","Ischaemic heart disease"
"RWA",0,"Ischemic heart disease","Salt","yes","no","Ischaemic heart disease"
"LCA",0,"Ischemic heart disease","Salt","yes","no","Ischaemic heart disease"
"VCT",0,"Ischemic heart disease","Salt","yes","no","Ischaemic heart disease"
"WSM",0,"Ischemic heart disease","Salt","yes","no","Ischaemic heart disease"
"STP",0,"Ischemic heart disease","Salt","yes","no","Ischaemic heart disease"
"SAU",0,"Ischemic heart disease","Salt","yes","no","Ischaemic heart disease"
"SEN",0,"Ischemic heart disease","Salt","yes","no","Ischaemic heart disease"
"SRB",0.0818256424528303,"Ischemic heart disease","Salt","yes","no","Ischaemic heart disease"
"SYC",0.0475471698113208,"Ischemic heart disease","Salt","yes","no","Ischaemic heart disease"
"SLE",0,"Ischemic heart disease","Salt","yes","no","Ischaemic heart disease"
"SGP",0.0256358490566038,"Ischemic heart disease","Salt","yes","no","Ischaemic heart disease"
"SVK",0.0383292452830189,"Ischemic heart disease","Salt","yes","no","Ischaemic heart disease"
"SVN",0.0267735849056604,"Ischemic heart disease","Salt","yes","no","Ischaemic heart disease"
"SLB",0.0124528301886793,"Ischemic heart disease","Salt","yes","no","Ischaemic heart disease"
"SOM",0,"Ischemic heart disease","Salt","yes","no","Ischaemic heart disease"
"ZAF",0.010188679245283,"Ischemic heart disease","Salt","yes","no","Ischaemic heart disease"
"KOR",0,"Ischemic heart disease","Salt","yes","no","Ischaemic heart disease"
"SSD",0,"Ischemic heart disease","Salt","yes","no","Ischaemic heart disease"
"ESP",0.0220754716981132,"Ischemic heart disease","Salt","yes","no","Ischaemic heart disease"
"LKA",0,"Ischemic heart disease","Salt","yes","no","Ischaemic heart disease"
"SDN",0.0384905660377359,"Ischemic heart disease","Salt","yes","no","Ischaemic heart disease"
"SUR",0,"Ischemic heart disease","Salt","yes","no","Ischaemic heart disease"
"SWZ",0.0203773584905661,"Ischemic heart disease","Salt","yes","no","Ischaemic heart disease"
"SWE",0.065122386792453,"Ischemic heart disease","Salt","yes","no","Ischaemic heart disease"
"CHE",0.0226415094339623,"Ischemic heart disease","Salt","yes","no","Ischaemic heart disease"
"SYR",0.0413207547169812,"Ischemic heart disease","Salt","yes","no","Ischaemic heart disease"
"TWN",NA,"Ischemic heart disease",NA,NA,NA,"Ischaemic heart disease"
"TJK",0.0509433962264152,"Ischemic heart disease","Salt","yes","no","Ischaemic heart disease"
"TZA",0.00792452830188681,"Ischemic heart disease","Salt","yes","no","Ischaemic heart disease"
"THA",0,"Ischemic heart disease","Salt","yes","no","Ischaemic heart disease"
"BHS",0,"Ischemic heart disease","Salt","yes","no","Ischaemic heart disease"
"GMB",0,"Ischemic heart disease","Salt","yes","no","Ischaemic heart disease"
"TLS",0.0699053207547171,"Ischemic heart disease","Salt","yes","no","Ischaemic heart disease"
"TGO",0,"Ischemic heart disease","Salt","yes","no","Ischaemic heart disease"
"TON",0.0249056603773585,"Ischemic heart disease","Salt","yes","no","Ischaemic heart disease"
"TTO",0,"Ischemic heart disease","Salt","yes","no","Ischaemic heart disease"
"TUN",0.0155320754716982,"Ischemic heart disease","Salt","yes","no","Ischaemic heart disease"
"TUR",0,"Ischemic heart disease","Salt","yes","no","Ischaemic heart disease"
"TKM",0.0249056603773585,"Ischemic heart disease","Salt","yes","no","Ischaemic heart disease"
"UGA",0,"Ischemic heart disease","Salt","yes","no","Ischaemic heart disease"
"UKR",0.0384905660377359,"Ischemic heart disease","Salt","yes","no","Ischaemic heart disease"
"ARE",0,"Ischemic heart disease","Salt","yes","no","Ischaemic heart disease"
"GBR",0,"Ischemic heart disease","Salt","yes","no","Ischaemic heart disease"
"USA",0.0289245283018868,"Ischemic heart disease","Salt","yes","no","Ischaemic heart disease"
"URY",0.016522641509434,"Ischemic heart disease","Salt","yes","no","Ischaemic heart disease"
"UZB",0.0163641509433963,"Ischemic heart disease","Salt","yes","no","Ischaemic heart disease"
"VUT",0.0169811320754717,"Ischemic heart disease","Salt","yes","no","Ischaemic heart disease"
"VEN",0.0486792452830189,"Ischemic heart disease","Salt","yes","no","Ischaemic heart disease"
"VNM",0,"Ischemic heart disease","Salt","yes","no","Ischaemic heart disease"
"VIR",NA,"Ischemic heart disease",NA,NA,NA,"Ischaemic heart disease"
"YEM",0.0345283018867925,"Ischemic heart disease","Salt","yes","no","Ischaemic heart disease"
"ZMB",0,"Ischemic heart disease","Salt","yes","no","Ischaemic heart disease"
"ZWE",0.00905660377358493,"Ischemic heart disease","Salt","yes","no","Ischaemic heart disease"
"AFG",0.0254716981132076,"Ischemic stroke","Salt","yes","no","Ischaemic stroke"
"ALB",0.078679245283019,"Ischemic stroke","Salt","yes","no","Ischaemic stroke"
"DZA",0.0554716981132076,"Ischemic stroke","Salt","yes","no","Ischaemic stroke"
"ASM",NA,"Ischemic stroke",NA,NA,NA,"Ischaemic stroke"
"AND",0.059433962264151,"Ischemic stroke","Salt","yes","no","Ischaemic stroke"
"AGO",0.00962264150943398,"Ischemic stroke","Salt","yes","no","Ischaemic stroke"
"ATG",0,"Ischemic stroke","Salt","yes","no","Ischaemic stroke"
"ARG",0.0213396226415095,"Ischemic stroke","Salt","yes","no","Ischaemic stroke"
"ARM",0.0667924528301888,"Ischemic stroke","Salt","yes","no","Ischaemic stroke"
"AUS",0.019811320754717,"Ischemic stroke","Salt","yes","no","Ischaemic stroke"
"AUT",0.0456854150943397,"Ischemic stroke","Salt","yes","no","Ischaemic stroke"
"AZE",0.0697358490566039,"Ischemic stroke","Salt","yes","no","Ischaemic stroke"
"BHR",0,"Ischemic stroke","Salt","yes","no","Ischaemic stroke"
"BGD",0.0858618849056605,"Ischemic stroke","Salt","yes","no","Ischaemic stroke"
"BRB",0,"Ischemic stroke","Salt","yes","no","Ischaemic stroke"
"BLR",0.0219056603773585,"Ischemic stroke","Salt","yes","no","Ischaemic stroke"
"BEL",0,"Ischemic stroke","Salt","yes","no","Ischaemic stroke"
"BLZ",0,"Ischemic stroke","Salt","yes","no","Ischaemic stroke"
"BEN",0,"Ischemic stroke","Salt","yes","no","Ischaemic stroke"
"BMU",NA,"Ischemic stroke",NA,NA,NA,"Ischaemic stroke"
"BTN",0.0908154551886794,"Ischemic stroke","Salt","yes","no","Ischaemic stroke"
"BOL",0.0322641509433963,"Ischemic stroke","Salt","yes","no","Ischaemic stroke"
"BIH",0.0634686792452831,"Ischemic stroke","Salt","yes","no","Ischaemic stroke"
"BWA",0.0277358490566038,"Ischemic stroke","Salt","yes","no","Ischaemic stroke"
"BRA",0.0212830188679246,"Ischemic stroke","Salt","yes","no","Ischaemic stroke"
"BRN",0.118518755660378,"Ischemic stroke","Salt","yes","no","Ischaemic stroke"
"BGR",0,"Ischemic stroke","Salt","yes","no","Ischaemic stroke"
"BFA",0,"Ischemic stroke","Salt","yes","no","Ischaemic stroke"
"BDI",0,"Ischemic stroke","Salt","yes","no","Ischaemic stroke"
"KHM",0.0718867924528303,"Ischemic stroke","Salt","yes","no","Ischaemic stroke"
"CMR",0,"Ischemic stroke","Salt","yes","no","Ischaemic stroke"
"CAN",0.0392122641509435,"Ischemic stroke","Salt","yes","no","Ischaemic stroke"
"CPV",0,"Ischemic stroke","Salt","yes","no","Ischaemic stroke"
"CAF",0,"Ischemic stroke","Salt","yes","no","Ischaemic stroke"
"TCD",0,"Ischemic stroke","Salt","yes","no","Ischaemic stroke"
"CHL",0,"Ischemic stroke","Salt","yes","no","Ischaemic stroke"
"CHN",0.0393624169811321,"Ischemic stroke","Salt","yes","no","Ischaemic stroke"
"COL",0.0529904433962265,"Ischemic stroke","Salt","yes","no","Ischaemic stroke"
"COM",0,"Ischemic stroke","Salt","yes","no","Ischaemic stroke"
"COG",0.0067924528301887,"Ischemic stroke","Salt","yes","no","Ischaemic stroke"
"CRI",0.0217924528301887,"Ischemic stroke","Salt","yes","no","Ischaemic stroke"
"CIV",0.0430188679245284,"Ischemic stroke","Salt","yes","no","Ischaemic stroke"
"HRV",0,"Ischemic stroke","Salt","yes","no","Ischaemic stroke"
"CUB",0,"Ischemic stroke","Salt","yes","no","Ischaemic stroke"
"CYP",0.0481132075471699,"Ischemic stroke","Salt","yes","no","Ischaemic stroke"
"CZE",0.0435486792452831,"Ischemic stroke","Salt","yes","no","Ischaemic stroke"
"COD",0,"Ischemic stroke","Salt","yes","no","Ischaemic stroke"
"DNK",0,"Ischemic stroke","Salt","yes","no","Ischaemic stroke"
"DJI",0,"Ischemic stroke","Salt","yes","no","Ischaemic stroke"
"DMA",0,"Ischemic stroke","Salt","yes","no","Ischaemic stroke"
"DOM",0,"Ischemic stroke","Salt","yes","no","Ischaemic stroke"
"ECU",0,"Ischemic stroke","Salt","yes","no","Ischaemic stroke"
"EGY",0.0515094339622642,"Ischemic stroke","Salt","yes","no","Ischaemic stroke"
"SLV",0.0384905660377359,"Ischemic stroke","Salt","yes","no","Ischaemic stroke"
"GNQ",0.0283018867924529,"Ischemic stroke","Salt","yes","no","Ischaemic stroke"
"ERI",0,"Ischemic stroke","Salt","yes","no","Ischaemic stroke"
"EST",0.0225283018867925,"Ischemic stroke","Salt","yes","no","Ischaemic stroke"
"ETH",0,"Ischemic stroke","Salt","yes","no","Ischaemic stroke"
"FSM",0.0181132075471698,"Ischemic stroke","Salt","yes","no","Ischaemic stroke"
"FJI",0.0200943396226415,"Ischemic stroke","Salt","yes","no","Ischaemic stroke"
"FIN",0,"Ischemic stroke","Salt","yes","no","Ischaemic stroke"
"FRA",0.0150962264150944,"Ischemic stroke","Salt","yes","no","Ischaemic stroke"
"GAB",0.019245283018868,"Ischemic stroke","Salt","yes","no","Ischaemic stroke"
"GEO",0.0500428301886793,"Ischemic stroke","Salt","yes","no","Ischaemic stroke"
"DEU",0,"Ischemic stroke","Salt","yes","no","Ischaemic stroke"
"GHA",0.0628301886792454,"Ischemic stroke","Salt","yes","no","Ischaemic stroke"
"GRC",0.0214528301886793,"Ischemic stroke","Salt","yes","no","Ischaemic stroke"
"GRL",NA,"Ischemic stroke",NA,NA,NA,"Ischaemic stroke"
"GRD",0,"Ischemic stroke","Salt","yes","no","Ischaemic stroke"
"GUM",NA,"Ischemic stroke",NA,NA,NA,"Ischaemic stroke"
"GTM",0,"Ischemic stroke","Salt","yes","no","Ischaemic stroke"
"GIN",0,"Ischemic stroke","Salt","yes","no","Ischaemic stroke"
"GNB",0,"Ischemic stroke","Salt","yes","no","Ischaemic stroke"
"GUY",0,"Ischemic stroke","Salt","yes","no","Ischaemic stroke"
"HTI",0,"Ischemic stroke","Salt","yes","no","Ischaemic stroke"
"HND",0.0328301886792453,"Ischemic stroke","Salt","yes","no","Ischaemic stroke"
"HUN",0.0270566037735849,"Ischemic stroke","Salt","yes","no","Ischaemic stroke"
"ISL",0.0203773584905661,"Ischemic stroke","Salt","yes","no","Ischaemic stroke"
"IND",0,"Ischemic stroke","Salt","yes","no","Ischaemic stroke"
"IDN",0.0840272292452832,"Ischemic stroke","Salt","yes","no","Ischaemic stroke"
"IRN",0,"Ischemic stroke","Salt","yes","no","Ischaemic stroke"
"IRQ",0.0530745283018869,"Ischemic stroke","Salt","yes","no","Ischaemic stroke"
"IRL",0,"Ischemic stroke","Salt","yes","no","Ischaemic stroke"
"ISR",0,"Ischemic stroke","Salt","yes","no","Ischaemic stroke"
"ITA",0,"Ischemic stroke","Salt","yes","no","Ischaemic stroke"
"JAM",0,"Ischemic stroke","Salt","yes","no","Ischaemic stroke"
"JPN",0.105859631603774,"Ischemic stroke","Salt","yes","no","Ischaemic stroke"
"JOR",0.0515094339622642,"Ischemic stroke","Salt","yes","no","Ischaemic stroke"
"KAZ",0,"Ischemic stroke","Salt","yes","no","Ischaemic stroke"
"KEN",0,"Ischemic stroke","Salt","yes","no","Ischaemic stroke"
"KIR",0.0130188679245283,"Ischemic stroke","Salt","yes","no","Ischaemic stroke"
"KWT",0,"Ischemic stroke","Salt","yes","no","Ischaemic stroke"
"KGZ",0.0537735849056605,"Ischemic stroke","Salt","yes","no","Ischaemic stroke"
"LAO",0.0798113207547171,"Ischemic stroke","Salt","yes","no","Ischaemic stroke"
"LVA",0.0520754716981133,"Ischemic stroke","Salt","yes","no","Ischaemic stroke"
"LBN",0.0577358490566039,"Ischemic stroke","Salt","yes","no","Ischaemic stroke"
"LSO",0.00849056603773586,"Ischemic stroke","Salt","yes","no","Ischaemic stroke"
"LBR",0,"Ischemic stroke","Salt","yes","no","Ischaemic stroke"
"LBY",0.0520754716981133,"Ischemic stroke","Salt","yes","no","Ischaemic stroke"
"LTU",0,"Ischemic stroke","Salt","yes","no","Ischaemic stroke"
"LUX",0.0650943396226416,"Ischemic stroke","Salt","yes","no","Ischaemic stroke"
"MKD",0.0816421768867926,"Ischemic stroke","Salt","yes","no","Ischaemic stroke"
"MDG",0,"Ischemic stroke","Salt","yes","no","Ischaemic stroke"
"MWI",0,"Ischemic stroke","Salt","yes","no","Ischaemic stroke"
"MYS",0,"Ischemic stroke","Salt","yes","no","Ischaemic stroke"
"MDV",0.0854949537735851,"Ischemic stroke","Salt","yes","no","Ischaemic stroke"
"MLI",0,"Ischemic stroke","Salt","yes","no","Ischaemic stroke"
"MLT",0.0228679245283019,"Ischemic stroke","Salt","yes","no","Ischaemic stroke"
"MHL",0.019245283018868,"Ischemic stroke","Salt","yes","no","Ischaemic stroke"
"MRT",0,"Ischemic stroke","Salt","yes","no","Ischaemic stroke"
"MUS",0.0871461438679247,"Ischemic stroke","Salt","yes","no","Ischaemic stroke"
"MEX",0.019245283018868,"Ischemic stroke","Salt","yes","no","Ischaemic stroke"
"MDA",0,"Ischemic stroke","Salt","yes","no","Ischaemic stroke"
"MNG",0,"Ischemic stroke","Salt","yes","no","Ischaemic stroke"
"MNE",0.0253584905660378,"Ischemic stroke","Salt","yes","no","Ischaemic stroke"
"MAR",0.0352449056603774,"Ischemic stroke","Salt","yes","no","Ischaemic stroke"
"MOZ",0,"Ischemic stroke","Salt","yes","no","Ischaemic stroke"
"MMR",0.0792452830188681,"Ischemic stroke","Salt","yes","no","Ischaemic stroke"
"NAM",0.0226415094339623,"Ischemic stroke","Salt","yes","no","Ischaemic stroke"
"NPL",0.0845776259433964,"Ischemic stroke","Salt","yes","no","Ischaemic stroke"
"NLD",0,"Ischemic stroke","Salt","yes","no","Ischaemic stroke"
"NZL",0.0845776259433964,"Ischemic stroke","Salt","yes","no","Ischaemic stroke"
"NIC",0.0328301886792453,"Ischemic stroke","Salt","yes","no","Ischaemic stroke"
"NER",0,"Ischemic stroke","Salt","yes","no","Ischaemic stroke"
"NGA",0,"Ischemic stroke","Salt","yes","no","Ischaemic stroke"
"PRK",0.0831099014150945,"Ischemic stroke","Salt","yes","no","Ischaemic stroke"
"MNP",NA,"Ischemic stroke",NA,NA,NA,"Ischaemic stroke"
"NOR",0.0172754716981133,"Ischemic stroke","Salt","yes","no","Ischaemic stroke"
"OMN",0,"Ischemic stroke","Salt","yes","no","Ischaemic stroke"
"PAK",0.0880634716981134,"Ischemic stroke","Salt","yes","no","Ischaemic stroke"
"PSE",NA,"Ischemic stroke",NA,NA,NA,"Ischaemic stroke"
"PAN",0.0537735849056605,"Ischemic stroke","Salt","yes","no","Ischaemic stroke"
"PNG",0.0169811320754717,"Ischemic stroke","Salt","yes","no","Ischaemic stroke"
"PRY",0.0356603773584906,"Ischemic stroke","Salt","yes","no","Ischaemic stroke"
"PER",0.039622641509434,"Ischemic stroke","Salt","yes","no","Ischaemic stroke"
"PHL",0.0818256424528303,"Ischemic stroke","Salt","yes","no","Ischaemic stroke"
"POL",0,"Ischemic stroke","Salt","yes","no","Ischaemic stroke"
"PRT",0.022811320754717,"Ischemic stroke","Salt","yes","no","Ischaemic stroke"
"PRI",NA,"Ischemic stroke",NA,NA,NA,"Ischaemic stroke"
"QAT",0.0268301886792453,"Ischemic stroke","Salt","yes","no","Ischaemic stroke"
"ROU",0.0840272292452832,"Ischemic stroke","Salt","yes","no","Ischaemic stroke"
"RUS",0.0219622641509434,"Ischemic stroke","Salt","yes","no","Ischaemic stroke"
"RWA",0,"Ischemic stroke","Salt","yes","no","Ischaemic stroke"
"LCA",0,"Ischemic stroke","Salt","yes","no","Ischaemic stroke"
"VCT",0,"Ischemic stroke","Salt","yes","no","Ischaemic stroke"
"WSM",0,"Ischemic stroke","Salt","yes","no","Ischaemic stroke"
"STP",0,"Ischemic stroke","Salt","yes","no","Ischaemic stroke"
"SAU",0,"Ischemic stroke","Salt","yes","no","Ischaemic stroke"
"SEN",0,"Ischemic stroke","Salt","yes","no","Ischaemic stroke"
"SRB",0.0818256424528303,"Ischemic stroke","Salt","yes","no","Ischaemic stroke"
"SYC",0.0475471698113208,"Ischemic stroke","Salt","yes","no","Ischaemic stroke"
"SLE",0,"Ischemic stroke","Salt","yes","no","Ischaemic stroke"
"SGP",0.0256358490566038,"Ischemic stroke","Salt","yes","no","Ischaemic stroke"
"SVK",0.0383292452830189,"Ischemic stroke","Salt","yes","no","Ischaemic stroke"
"SVN",0.0267735849056604,"Ischemic stroke","Salt","yes","no","Ischaemic stroke"
"SLB",0.0124528301886793,"Ischemic stroke","Salt","yes","no","Ischaemic stroke"
"SOM",0,"Ischemic stroke","Salt","yes","no","Ischaemic stroke"
"ZAF",0.010188679245283,"Ischemic stroke","Salt","yes","no","Ischaemic stroke"
"KOR",0,"Ischemic stroke","Salt","yes","no","Ischaemic stroke"
"SSD",0,"Ischemic stroke","Salt","yes","no","Ischaemic stroke"
"ESP",0.0220754716981132,"Ischemic stroke","Salt","yes","no","Ischaemic stroke"
"LKA",0,"Ischemic stroke","Salt","yes","no","Ischaemic stroke"
"SDN",0.0384905660377359,"Ischemic stroke","Salt","yes","no","Ischaemic stroke"
"SUR",0,"Ischemic stroke","Salt","yes","no","Ischaemic stroke"
"SWZ",0.0203773584905661,"Ischemic stroke","Salt","yes","no","Ischaemic stroke"
"SWE",0.065122386792453,"Ischemic stroke","Salt","yes","no","Ischaemic stroke"
"CHE",0.0226415094339623,"Ischemic stroke","Salt","yes","no","Ischaemic stroke"
"SYR",0.0413207547169812,"Ischemic stroke","Salt","yes","no","Ischaemic stroke"
"TWN",NA,"Ischemic stroke",NA,NA,NA,"Ischaemic stroke"
"TJK",0.0509433962264152,"Ischemic stroke","Salt","yes","no","Ischaemic stroke"
"TZA",0.00792452830188681,"Ischemic stroke","Salt","yes","no","Ischaemic stroke"
"THA",0,"Ischemic stroke","Salt","yes","no","Ischaemic stroke"
"BHS",0,"Ischemic stroke","Salt","yes","no","Ischaemic stroke"
"GMB",0,"Ischemic stroke","Salt","yes","no","Ischaemic stroke"
"TLS",0.0699053207547171,"Ischemic stroke","Salt","yes","no","Ischaemic stroke"
"TGO",0,"Ischemic stroke","Salt","yes","no","Ischaemic stroke"
"TON",0.0249056603773585,"Ischemic stroke","Salt","yes","no","Ischaemic stroke"
"TTO",0,"Ischemic stroke","Salt","yes","no","Ischaemic stroke"
"TUN",0.0155320754716982,"Ischemic stroke","Salt","yes","no","Ischaemic stroke"
"TUR",0,"Ischemic stroke","Salt","yes","no","Ischaemic stroke"
"TKM",0.0249056603773585,"Ischemic stroke","Salt","yes","no","Ischaemic stroke"
"UGA",0,"Ischemic stroke","Salt","yes","no","Ischaemic stroke"
"UKR",0.0384905660377359,"Ischemic stroke","Salt","yes","no","Ischaemic stroke"
"ARE",0,"Ischemic stroke","Salt","yes","no","Ischaemic stroke"
"GBR",0,"Ischemic stroke","Salt","yes","no","Ischaemic stroke"
"USA",0.0289245283018868,"Ischemic stroke","Salt","yes","no","Ischaemic stroke"
"URY",0.016522641509434,"Ischemic stroke","Salt","yes","no","Ischaemic stroke"
"UZB",0.0163641509433963,"Ischemic stroke","Salt","yes","no","Ischaemic stroke"
"VUT",0.0169811320754717,"Ischemic stroke","Salt","yes","no","Ischaemic stroke"
"VEN",0.0486792452830189,"Ischemic stroke","Salt","yes","no","Ischaemic stroke"
"VNM",0,"Ischemic stroke","Salt","yes","no","Ischaemic stroke"
"VIR",NA,"Ischemic stroke",NA,NA,NA,"Ischaemic stroke"
"YEM",0.0345283018867925,"Ischemic stroke","Salt","yes","no","Ischaemic stroke"
"ZMB",0,"Ischemic stroke","Salt","yes","no","Ischaemic stroke"
"ZWE",0.00905660377358493,"Ischemic stroke","Salt","yes","no","Ischaemic stroke"
"AFG",0.0254716981132076,"Intracerebral hemorrhage","Salt","yes","no","Haemorrhagic stroke"
"ALB",0.078679245283019,"Intracerebral hemorrhage","Salt","yes","no","Haemorrhagic stroke"
"DZA",0.0554716981132076,"Intracerebral hemorrhage","Salt","yes","no","Haemorrhagic stroke"
"ASM",NA,"Intracerebral hemorrhage",NA,NA,NA,"Haemorrhagic stroke"
"AND",0.059433962264151,"Intracerebral hemorrhage","Salt","yes","no","Haemorrhagic stroke"
"AGO",0.00962264150943398,"Intracerebral hemorrhage","Salt","yes","no","Haemorrhagic stroke"
"ATG",0,"Intracerebral hemorrhage","Salt","yes","no","Haemorrhagic stroke"
"ARG",0.0213396226415095,"Intracerebral hemorrhage","Salt","yes","no","Haemorrhagic stroke"
"ARM",0.0667924528301888,"Intracerebral hemorrhage","Salt","yes","no","Haemorrhagic stroke"
"AUS",0.019811320754717,"Intracerebral hemorrhage","Salt","yes","no","Haemorrhagic stroke"
"AUT",0.0456854150943397,"Intracerebral hemorrhage","Salt","yes","no","Haemorrhagic stroke"
"AZE",0.0697358490566039,"Intracerebral hemorrhage","Salt","yes","no","Haemorrhagic stroke"
"BHR",0,"Intracerebral hemorrhage","Salt","yes","no","Haemorrhagic stroke"
"BGD",0.0858618849056605,"Intracerebral hemorrhage","Salt","yes","no","Haemorrhagic stroke"
"BRB",0,"Intracerebral hemorrhage","Salt","yes","no","Haemorrhagic stroke"
"BLR",0.0219056603773585,"Intracerebral hemorrhage","Salt","yes","no","Haemorrhagic stroke"
"BEL",0,"Intracerebral hemorrhage","Salt","yes","no","Haemorrhagic stroke"
"BLZ",0,"Intracerebral hemorrhage","Salt","yes","no","Haemorrhagic stroke"
"BEN",0,"Intracerebral hemorrhage","Salt","yes","no","Haemorrhagic stroke"
"BMU",NA,"Intracerebral hemorrhage",NA,NA,NA,"Haemorrhagic stroke"
"BTN",0.0908154551886794,"Intracerebral hemorrhage","Salt","yes","no","Haemorrhagic stroke"
"BOL",0.0322641509433963,"Intracerebral hemorrhage","Salt","yes","no","Haemorrhagic stroke"
"BIH",0.0634686792452831,"Intracerebral hemorrhage","Salt","yes","no","Haemorrhagic stroke"
"BWA",0.0277358490566038,"Intracerebral hemorrhage","Salt","yes","no","Haemorrhagic stroke"
"BRA",0.0212830188679246,"Intracerebral hemorrhage","Salt","yes","no","Haemorrhagic stroke"
"BRN",0.118518755660378,"Intracerebral hemorrhage","Salt","yes","no","Haemorrhagic stroke"
"BGR",0,"Intracerebral hemorrhage","Salt","yes","no","Haemorrhagic stroke"
"BFA",0,"Intracerebral hemorrhage","Salt","yes","no","Haemorrhagic stroke"
"BDI",0,"Intracerebral hemorrhage","Salt","yes","no","Haemorrhagic stroke"
"KHM",0.0718867924528303,"Intracerebral hemorrhage","Salt","yes","no","Haemorrhagic stroke"
"CMR",0,"Intracerebral hemorrhage","Salt","yes","no","Haemorrhagic stroke"
"CAN",0.0392122641509435,"Intracerebral hemorrhage","Salt","yes","no","Haemorrhagic stroke"
"CPV",0,"Intracerebral hemorrhage","Salt","yes","no","Haemorrhagic stroke"
"CAF",0,"Intracerebral hemorrhage","Salt","yes","no","Haemorrhagic stroke"
"TCD",0,"Intracerebral hemorrhage","Salt","yes","no","Haemorrhagic stroke"
"CHL",0,"Intracerebral hemorrhage","Salt","yes","no","Haemorrhagic stroke"
"CHN",0.0393624169811321,"Intracerebral hemorrhage","Salt","yes","no","Haemorrhagic stroke"
"COL",0.0529904433962265,"Intracerebral hemorrhage","Salt","yes","no","Haemorrhagic stroke"
"COM",0,"Intracerebral hemorrhage","Salt","yes","no","Haemorrhagic stroke"
"COG",0.0067924528301887,"Intracerebral hemorrhage","Salt","yes","no","Haemorrhagic stroke"
"CRI",0.0217924528301887,"Intracerebral hemorrhage","Salt","yes","no","Haemorrhagic stroke"
"CIV",0.0430188679245284,"Intracerebral hemorrhage","Salt","yes","no","Haemorrhagic stroke"
"HRV",0,"Intracerebral hemorrhage","Salt","yes","no","Haemorrhagic stroke"
"CUB",0,"Intracerebral hemorrhage","Salt","yes","no","Haemorrhagic stroke"
"CYP",0.0481132075471699,"Intracerebral hemorrhage","Salt","yes","no","Haemorrhagic stroke"
"CZE",0.0435486792452831,"Intracerebral hemorrhage","Salt","yes","no","Haemorrhagic stroke"
"COD",0,"Intracerebral hemorrhage","Salt","yes","no","Haemorrhagic stroke"
"DNK",0,"Intracerebral hemorrhage","Salt","yes","no","Haemorrhagic stroke"
"DJI",0,"Intracerebral hemorrhage","Salt","yes","no","Haemorrhagic stroke"
"DMA",0,"Intracerebral hemorrhage","Salt","yes","no","Haemorrhagic stroke"
"DOM",0,"Intracerebral hemorrhage","Salt","yes","no","Haemorrhagic stroke"
"ECU",0,"Intracerebral hemorrhage","Salt","yes","no","Haemorrhagic stroke"
"EGY",0.0515094339622642,"Intracerebral hemorrhage","Salt","yes","no","Haemorrhagic stroke"
"SLV",0.0384905660377359,"Intracerebral hemorrhage","Salt","yes","no","Haemorrhagic stroke"
"GNQ",0.0283018867924529,"Intracerebral hemorrhage","Salt","yes","no","Haemorrhagic stroke"
"ERI",0,"Intracerebral hemorrhage","Salt","yes","no","Haemorrhagic stroke"
"EST",0.0225283018867925,"Intracerebral hemorrhage","Salt","yes","no","Haemorrhagic stroke"
"ETH",0,"Intracerebral hemorrhage","Salt","yes","no","Haemorrhagic stroke"
"FSM",0.0181132075471698,"Intracerebral hemorrhage","Salt","yes","no","Haemorrhagic stroke"
"FJI",0.0200943396226415,"Intracerebral hemorrhage","Salt","yes","no","Haemorrhagic stroke"
"FIN",0,"Intracerebral hemorrhage","Salt","yes","no","Haemorrhagic stroke"
"FRA",0.0150962264150944,"Intracerebral hemorrhage","Salt","yes","no","Haemorrhagic stroke"
"GAB",0.019245283018868,"Intracerebral hemorrhage","Salt","yes","no","Haemorrhagic stroke"
"GEO",0.0500428301886793,"Intracerebral hemorrhage","Salt","yes","no","Haemorrhagic stroke"
"DEU",0,"Intracerebral hemorrhage","Salt","yes","no","Haemorrhagic stroke"
"GHA",0.0628301886792454,"Intracerebral hemorrhage","Salt","yes","no","Haemorrhagic stroke"
"GRC",0.0214528301886793,"Intracerebral hemorrhage","Salt","yes","no","Haemorrhagic stroke"
"GRL",NA,"Intracerebral hemorrhage",NA,NA,NA,"Haemorrhagic stroke"
"GRD",0,"Intracerebral hemorrhage","Salt","yes","no","Haemorrhagic stroke"
"GUM",NA,"Intracerebral hemorrhage",NA,NA,NA,"Haemorrhagic stroke"
"GTM",0,"Intracerebral hemorrhage","Salt","yes","no","Haemorrhagic stroke"
"GIN",0,"Intracerebral hemorrhage","Salt","yes","no","Haemorrhagic stroke"
"GNB",0,"Intracerebral hemorrhage","Salt","yes","no","Haemorrhagic stroke"
"GUY",0,"Intracerebral hemorrhage","Salt","yes","no","Haemorrhagic stroke"
"HTI",0,"Intracerebral hemorrhage","Salt","yes","no","Haemorrhagic stroke"
"HND",0.0328301886792453,"Intracerebral hemorrhage","Salt","yes","no","Haemorrhagic stroke"
"HUN",0.0270566037735849,"Intracerebral hemorrhage","Salt","yes","no","Haemorrhagic stroke"
"ISL",0.0203773584905661,"Intracerebral hemorrhage","Salt","yes","no","Haemorrhagic stroke"
"IND",0,"Intracerebral hemorrhage","Salt","yes","no","Haemorrhagic stroke"
"IDN",0.0840272292452832,"Intracerebral hemorrhage","Salt","yes","no","Haemorrhagic stroke"
"IRN",0,"Intracerebral hemorrhage","Salt","yes","no","Haemorrhagic stroke"
"IRQ",0.0530745283018869,"Intracerebral hemorrhage","Salt","yes","no","Haemorrhagic stroke"
"IRL",0,"Intracerebral hemorrhage","Salt","yes","no","Haemorrhagic stroke"
"ISR",0,"Intracerebral hemorrhage","Salt","yes","no","Haemorrhagic stroke"
"ITA",0,"Intracerebral hemorrhage","Salt","yes","no","Haemorrhagic stroke"
"JAM",0,"Intracerebral hemorrhage","Salt","yes","no","Haemorrhagic stroke"
"JPN",0.105859631603774,"Intracerebral hemorrhage","Salt","yes","no","Haemorrhagic stroke"
"JOR",0.0515094339622642,"Intracerebral hemorrhage","Salt","yes","no","Haemorrhagic stroke"
"KAZ",0,"Intracerebral hemorrhage","Salt","yes","no","Haemorrhagic stroke"
"KEN",0,"Intracerebral hemorrhage","Salt","yes","no","Haemorrhagic stroke"
"KIR",0.0130188679245283,"Intracerebral hemorrhage","Salt","yes","no","Haemorrhagic stroke"
"KWT",0,"Intracerebral hemorrhage","Salt","yes","no","Haemorrhagic stroke"
"KGZ",0.0537735849056605,"Intracerebral hemorrhage","Salt","yes","no","Haemorrhagic stroke"
"LAO",0.0798113207547171,"Intracerebral hemorrhage","Salt","yes","no","Haemorrhagic stroke"
"LVA",0.0520754716981133,"Intracerebral hemorrhage","Salt","yes","no","Haemorrhagic stroke"
"LBN",0.0577358490566039,"Intracerebral hemorrhage","Salt","yes","no","Haemorrhagic stroke"
"LSO",0.00849056603773586,"Intracerebral hemorrhage","Salt","yes","no","Haemorrhagic stroke"
"LBR",0,"Intracerebral hemorrhage","Salt","yes","no","Haemorrhagic stroke"
"LBY",0.0520754716981133,"Intracerebral hemorrhage","Salt","yes","no","Haemorrhagic stroke"
"LTU",0,"Intracerebral hemorrhage","Salt","yes","no","Haemorrhagic stroke"
"LUX",0.0650943396226416,"Intracerebral hemorrhage","Salt","yes","no","Haemorrhagic stroke"
"MKD",0.0816421768867926,"Intracerebral hemorrhage","Salt","yes","no","Haemorrhagic stroke"
"MDG",0,"Intracerebral hemorrhage","Salt","yes","no","Haemorrhagic stroke"
"MWI",0,"Intracerebral hemorrhage","Salt","yes","no","Haemorrhagic stroke"
"MYS",0,"Intracerebral hemorrhage","Salt","yes","no","Haemorrhagic stroke"
"MDV",0.0854949537735851,"Intracerebral hemorrhage","Salt","yes","no","Haemorrhagic stroke"
"MLI",0,"Intracerebral hemorrhage","Salt","yes","no","Haemorrhagic stroke"
"MLT",0.0228679245283019,"Intracerebral hemorrhage","Salt","yes","no","Haemorrhagic stroke"
"MHL",0.019245283018868,"Intracerebral hemorrhage","Salt","yes","no","Haemorrhagic stroke"
"MRT",0,"Intracerebral hemorrhage","Salt","yes","no","Haemorrhagic stroke"
"MUS",0.0871461438679247,"Intracerebral hemorrhage","Salt","yes","no","Haemorrhagic stroke"
"MEX",0.019245283018868,"Intracerebral hemorrhage","Salt","yes","no","Haemorrhagic stroke"
"MDA",0,"Intracerebral hemorrhage","Salt","yes","no","Haemorrhagic stroke"
"MNG",0,"Intracerebral hemorrhage","Salt","yes","no","Haemorrhagic stroke"
"MNE",0.0253584905660378,"Intracerebral hemorrhage","Salt","yes","no","Haemorrhagic stroke"
"MAR",0.0352449056603774,"Intracerebral hemorrhage","Salt","yes","no","Haemorrhagic stroke"
"MOZ",0,"Intracerebral hemorrhage","Salt","yes","no","Haemorrhagic stroke"
"MMR",0.0792452830188681,"Intracerebral hemorrhage","Salt","yes","no","Haemorrhagic stroke"
"NAM",0.0226415094339623,"Intracerebral hemorrhage","Salt","yes","no","Haemorrhagic stroke"
"NPL",0.0845776259433964,"Intracerebral hemorrhage","Salt","yes","no","Haemorrhagic stroke"
"NLD",0,"Intracerebral hemorrhage","Salt","yes","no","Haemorrhagic stroke"
"NZL",0.0845776259433964,"Intracerebral hemorrhage","Salt","yes","no","Haemorrhagic stroke"
"NIC",0.0328301886792453,"Intracerebral hemorrhage","Salt","yes","no","Haemorrhagic stroke"
"NER",0,"Intracerebral hemorrhage","Salt","yes","no","Haemorrhagic stroke"
"NGA",0,"Intracerebral hemorrhage","Salt","yes","no","Haemorrhagic stroke"
"PRK",0.0831099014150945,"Intracerebral hemorrhage","Salt","yes","no","Haemorrhagic stroke"
"MNP",NA,"Intracerebral hemorrhage",NA,NA,NA,"Haemorrhagic stroke"
"NOR",0.0172754716981133,"Intracerebral hemorrhage","Salt","yes","no","Haemorrhagic stroke"
"OMN",0,"Intracerebral hemorrhage","Salt","yes","no","Haemorrhagic stroke"
"PAK",0.0880634716981134,"Intracerebral hemorrhage","Salt","yes","no","Haemorrhagic stroke"
"PSE",NA,"Intracerebral hemorrhage",NA,NA,NA,"Haemorrhagic stroke"
"PAN",0.0537735849056605,"Intracerebral hemorrhage","Salt","yes","no","Haemorrhagic stroke"
"PNG",0.0169811320754717,"Intracerebral hemorrhage","Salt","yes","no","Haemorrhagic stroke"
"PRY",0.0356603773584906,"Intracerebral hemorrhage","Salt","yes","no","Haemorrhagic stroke"
"PER",0.039622641509434,"Intracerebral hemorrhage","Salt","yes","no","Haemorrhagic stroke"
"PHL",0.0818256424528303,"Intracerebral hemorrhage","Salt","yes","no","Haemorrhagic stroke"
"POL",0,"Intracerebral hemorrhage","Salt","yes","no","Haemorrhagic stroke"
"PRT",0.022811320754717,"Intracerebral hemorrhage","Salt","yes","no","Haemorrhagic stroke"
"PRI",NA,"Intracerebral hemorrhage",NA,NA,NA,"Haemorrhagic stroke"
"QAT",0.0268301886792453,"Intracerebral hemorrhage","Salt","yes","no","Haemorrhagic stroke"
"ROU",0.0840272292452832,"Intracerebral hemorrhage","Salt","yes","no","Haemorrhagic stroke"
"RUS",0.0219622641509434,"Intracerebral hemorrhage","Salt","yes","no","Haemorrhagic stroke"
"RWA",0,"Intracerebral hemorrhage","Salt","yes","no","Haemorrhagic stroke"
"LCA",0,"Intracerebral hemorrhage","Salt","yes","no","Haemorrhagic stroke"
"VCT",0,"Intracerebral hemorrhage","Salt","yes","no","Haemorrhagic stroke"
"WSM",0,"Intracerebral hemorrhage","Salt","yes","no","Haemorrhagic stroke"
"STP",0,"Intracerebral hemorrhage","Salt","yes","no","Haemorrhagic stroke"
"SAU",0,"Intracerebral hemorrhage","Salt","yes","no","Haemorrhagic stroke"
"SEN",0,"Intracerebral hemorrhage","Salt","yes","no","Haemorrhagic stroke"
"SRB",0.0818256424528303,"Intracerebral hemorrhage","Salt","yes","no","Haemorrhagic stroke"
"SYC",0.0475471698113208,"Intracerebral hemorrhage","Salt","yes","no","Haemorrhagic stroke"
"SLE",0,"Intracerebral hemorrhage","Salt","yes","no","Haemorrhagic stroke"
"SGP",0.0256358490566038,"Intracerebral hemorrhage","Salt","yes","no","Haemorrhagic stroke"
"SVK",0.0383292452830189,"Intracerebral hemorrhage","Salt","yes","no","Haemorrhagic stroke"
"SVN",0.0267735849056604,"Intracerebral hemorrhage","Salt","yes","no","Haemorrhagic stroke"
"SLB",0.0124528301886793,"Intracerebral hemorrhage","Salt","yes","no","Haemorrhagic stroke"
"SOM",0,"Intracerebral hemorrhage","Salt","yes","no","Haemorrhagic stroke"
"ZAF",0.010188679245283,"Intracerebral hemorrhage","Salt","yes","no","Haemorrhagic stroke"
"KOR",0,"Intracerebral hemorrhage","Salt","yes","no","Haemorrhagic stroke"
"SSD",0,"Intracerebral hemorrhage","Salt","yes","no","Haemorrhagic stroke"
"ESP",0.0220754716981132,"Intracerebral hemorrhage","Salt","yes","no","Haemorrhagic stroke"
"LKA",0,"Intracerebral hemorrhage","Salt","yes","no","Haemorrhagic stroke"
"SDN",0.0384905660377359,"Intracerebral hemorrhage","Salt","yes","no","Haemorrhagic stroke"
"SUR",0,"Intracerebral hemorrhage","Salt","yes","no","Haemorrhagic stroke"
"SWZ",0.0203773584905661,"Intracerebral hemorrhage","Salt","yes","no","Haemorrhagic stroke"
"SWE",0.065122386792453,"Intracerebral hemorrhage","Salt","yes","no","Haemorrhagic stroke"
"CHE",0.0226415094339623,"Intracerebral hemorrhage","Salt","yes","no","Haemorrhagic stroke"
"SYR",0.0413207547169812,"Intracerebral hemorrhage","Salt","yes","no","Haemorrhagic stroke"
"TWN",NA,"Intracerebral hemorrhage",NA,NA,NA,"Haemorrhagic stroke"
"TJK",0.0509433962264152,"Intracerebral hemorrhage","Salt","yes","no","Haemorrhagic stroke"
"TZA",0.00792452830188681,"Intracerebral hemorrhage","Salt","yes","no","Haemorrhagic stroke"
"THA",0,"Intracerebral hemorrhage","Salt","yes","no","Haemorrhagic stroke"
"BHS",0,"Intracerebral hemorrhage","Salt","yes","no","Haemorrhagic stroke"
"GMB",0,"Intracerebral hemorrhage","Salt","yes","no","Haemorrhagic stroke"
"TLS",0.0699053207547171,"Intracerebral hemorrhage","Salt","yes","no","Haemorrhagic stroke"
"TGO",0,"Intracerebral hemorrhage","Salt","yes","no","Haemorrhagic stroke"
"TON",0.0249056603773585,"Intracerebral hemorrhage","Salt","yes","no","Haemorrhagic stroke"
"TTO",0,"Intracerebral hemorrhage","Salt","yes","no","Haemorrhagic stroke"
"TUN",0.0155320754716982,"Intracerebral hemorrhage","Salt","yes","no","Haemorrhagic stroke"
"TUR",0,"Intracerebral hemorrhage","Salt","yes","no","Haemorrhagic stroke"
"TKM",0.0249056603773585,"Intracerebral hemorrhage","Salt","yes","no","Haemorrhagic stroke"
"UGA",0,"Intracerebral hemorrhage","Salt","yes","no","Haemorrhagic stroke"
"UKR",0.0384905660377359,"Intracerebral hemorrhage","Salt","yes","no","Haemorrhagic stroke"
"ARE",0,"Intracerebral hemorrhage","Salt","yes","no","Haemorrhagic stroke"
"GBR",0,"Intracerebral hemorrhage","Salt","yes","no","Haemorrhagic stroke"
"USA",0.0289245283018868,"Intracerebral hemorrhage","Salt","yes","no","Haemorrhagic stroke"
"URY",0.016522641509434,"Intracerebral hemorrhage","Salt","yes","no","Haemorrhagic stroke"
"UZB",0.0163641509433963,"Intracerebral hemorrhage","Salt","yes","no","Haemorrhagic stroke"
"VUT",0.0169811320754717,"Intracerebral hemorrhage","Salt","yes","no","Haemorrhagic stroke"
"VEN",0.0486792452830189,"Intracerebral hemorrhage","Salt","yes","no","Haemorrhagic stroke"
"VNM",0,"Intracerebral hemorrhage","Salt","yes","no","Haemorrhagic stroke"
"VIR",NA,"Intracerebral hemorrhage",NA,NA,NA,"Haemorrhagic stroke"
"YEM",0.0345283018867925,"Intracerebral hemorrhage","Salt","yes","no","Haemorrhagic stroke"
"ZMB",0,"Intracerebral hemorrhage","Salt","yes","no","Haemorrhagic stroke"
"ZWE",0.00905660377358493,"Intracerebral hemorrhage","Salt","yes","no","Haemorrhagic stroke"
